id,order_id,product_id,order_date,delivery_date,order_quantity,planned_quantity,shipped_quantity,remaining_quantity,status,customer_code,customer_name,delivery_location,priority,notes,created_at,updated_at
3880,ORD-20251001-V053143521,1,2025/10/1,2025/10/1,56,0,56,0,譛ｪ蜃ｺ闕ｷ,C036,蜿門ｼ募・36,NULL,5,陬ｽ蜩√さ繝ｼ繝・ V053143521 (讀懈渊蛹ｺ蛻・ｵｱ蜷域ｸ医∩) [霑ｽ蜉繧､繝ｳ繝昴・繝・ +56蛟犠 [霑ｽ蜉繧､繝ｳ繝昴・繝・ +56蛟犠 [霑ｽ蜉繧､繝ｳ繝昴・繝・ +56蛟犠,2025/10/9 8:54,2025/10/9 17:23
3881,ORD-20251002-V053143521,1,2025/10/2,2025/10/2,72,0,72,0,譛ｪ蜃ｺ闕ｷ,C036,蜿門ｼ募・36,NULL,5,陬ｽ蜩√さ繝ｼ繝・ V053143521 (讀懈渊蛹ｺ蛻・ｵｱ蜷域ｸ医∩) [霑ｽ蜉繧､繝ｳ繝昴・繝・ +72蛟犠 [霑ｽ蜉繧､繝ｳ繝昴・繝・ +72蛟犠 [霑ｽ蜉繧､繝ｳ繝昴・繝・ +72蛟犠,2025/10/9 8:54,2025/10/9 17:23
3882,ORD-20251003-V053143521,1,2025/10/3,2025/10/3,56,0,56,0,譛ｪ蜃ｺ闕ｷ,C036,蜿門ｼ募・36,NULL,5,陬ｽ蜩√さ繝ｼ繝・ V053143521 (讀懈渊蛹ｺ蛻・ｵｱ蜷域ｸ医∩) [霑ｽ蜉繧､繝ｳ繝昴・繝・ +56蛟犠 [霑ｽ蜉繧､繝ｳ繝昴・繝・ +56蛟犠 [霑ｽ蜉繧､繝ｳ繝昴・繝・ +56蛟犠,2025/10/9 8:54,2025/10/9 17:23
3883,ORD-20251006-V053143521,1,2025/10/6,2025/10/6,72,0,72,0,譛ｪ蜃ｺ闕ｷ,C036,蜿門ｼ募・36,NULL,5,陬ｽ蜩√さ繝ｼ繝・ V053143521 (讀懈渊蛹ｺ蛻・ｵｱ蜷域ｸ医∩) [霑ｽ蜉繧､繝ｳ繝昴・繝・ +72蛟犠 [霑ｽ蜉繧､繝ｳ繝昴・繝・ +72蛟犠 [霑ｽ蜉繧､繝ｳ繝昴・繝・ +72蛟犠,2025/10/9 8:54,2025/10/9 17:43
3884,ORD-20251007-V053143521,1,2025/10/7,2025/10/7,64,0,64,0,譛ｪ蜃ｺ闕ｷ,C036,蜿門ｼ募・36,NULL,5,陬ｽ蜩√さ繝ｼ繝・ V053143521 (讀懈渊蛹ｺ蛻・ｵｱ蜷域ｸ医∩) [霑ｽ蜉繧､繝ｳ繝昴・繝・ +64蛟犠 [霑ｽ蜉繧､繝ｳ繝昴・繝・ +64蛟犠 [霑ｽ蜉繧､繝ｳ繝昴・繝・ +64蛟犠,2025/10/9 8:54,2025/10/9 17:43
3885,ORD-20251008-V053143521,1,2025/10/8,2025/10/8,56,0,56,0,譛ｪ蜃ｺ闕ｷ,C036,蜿門ｼ募・36,NULL,5,陬ｽ蜩√さ繝ｼ繝・ V053143521 (讀懈渊蛹ｺ蛻・ｵｱ蜷域ｸ医∩) [霑ｽ蜉繧､繝ｳ繝昴・繝・ +56蛟犠 [霑ｽ蜉繧､繝ｳ繝昴・繝・ +56蛟犠 [霑ｽ蜉繧､繝ｳ繝昴・繝・ +56蛟犠,2025/10/9 8:54,2025/10/9 17:43
3886,ORD-20251009-V053143521,1,2025/10/9,2025/10/9,56,0,0,56,譛ｪ蜃ｺ闕ｷ,C036,蜿門ｼ募・36,NULL,5,陬ｽ蜩√さ繝ｼ繝・ V053143521 (讀懈渊蛹ｺ蛻・ｵｱ蜷域ｸ医∩) [霑ｽ蜉繧､繝ｳ繝昴・繝・ +56蛟犠 [霑ｽ蜉繧､繝ｳ繝昴・繝・ +56蛟犠 [霑ｽ蜉繧､繝ｳ繝昴・繝・ +56蛟犠,2025/10/9 8:54,2025/10/9 17:23
3887,ORD-20251010-V053143521,1,2025/10/10,2025/10/10,72,0,0,72,譛ｪ蜃ｺ闕ｷ,C036,蜿門ｼ募・36,NULL,5,陬ｽ蜩√さ繝ｼ繝・ V053143521 (讀懈渊蛹ｺ蛻・ｵｱ蜷域ｸ医∩) [霑ｽ蜉繧､繝ｳ繝昴・繝・ +72蛟犠 [霑ｽ蜉繧､繝ｳ繝昴・繝・ +72蛟犠 [霑ｽ蜉繧､繝ｳ繝昴・繝・ +72蛟犠,2025/10/9 8:54,2025/10/9 17:23
3888,ORD-20251014-V053143521,1,2025/10/14,2025/10/14,48,0,0,48,譛ｪ蜃ｺ闕ｷ,C036,蜿門ｼ募・36,NULL,5,陬ｽ蜩√さ繝ｼ繝・ V053143521 (讀懈渊蛹ｺ蛻・ｵｱ蜷域ｸ医∩) [霑ｽ蜉繧､繝ｳ繝昴・繝・ +48蛟犠 [霑ｽ蜉繧､繝ｳ繝昴・繝・ +48蛟犠 [霑ｽ蜉繧､繝ｳ繝昴・繝・ +48蛟犠,2025/10/9 8:54,2025/10/9 17:23
3889,ORD-20251015-V053143521,1,2025/10/15,2025/10/15,56,0,0,56,譛ｪ蜃ｺ闕ｷ,C036,蜿門ｼ募・36,NULL,5,陬ｽ蜩√さ繝ｼ繝・ V053143521 (讀懈渊蛹ｺ蛻・ｵｱ蜷域ｸ医∩) [霑ｽ蜉繧､繝ｳ繝昴・繝・ +56蛟犠 [霑ｽ蜉繧､繝ｳ繝昴・繝・ +56蛟犠 [霑ｽ蜉繧､繝ｳ繝昴・繝・ +56蛟犠,2025/10/9 8:54,2025/10/9 17:23
3890,ORD-20251016-V053143521,1,2025/10/16,2025/10/16,56,0,0,56,譛ｪ蜃ｺ闕ｷ,C036,蜿門ｼ募・36,NULL,5,陬ｽ蜩√さ繝ｼ繝・ V053143521 (讀懈渊蛹ｺ蛻・ｵｱ蜷域ｸ医∩) [霑ｽ蜉繧､繝ｳ繝昴・繝・ +56蛟犠 [霑ｽ蜉繧､繝ｳ繝昴・繝・ +56蛟犠 [霑ｽ蜉繧､繝ｳ繝昴・繝・ +56蛟犠,2025/10/9 8:54,2025/10/10 9:55
3891,ORD-20251017-V053143521,1,2025/10/17,2025/10/17,48,0,0,48,譛ｪ蜃ｺ闕ｷ,C036,蜿門ｼ募・36,NULL,5,陬ｽ蜩√さ繝ｼ繝・ V053143521 (讀懈渊蛹ｺ蛻・ｵｱ蜷域ｸ医∩) [霑ｽ蜉繧､繝ｳ繝昴・繝・ +48蛟犠 [霑ｽ蜉繧､繝ｳ繝昴・繝・ +48蛟犠 [霑ｽ蜉繧､繝ｳ繝昴・繝・ +48蛟犠,2025/10/9 8:54,2025/10/10 9:55
3892,ORD-20251020-V053143521,1,2025/10/20,2025/10/20,72,0,0,72,譛ｪ蜃ｺ闕ｷ,C036,蜿門ｼ募・36,NULL,5,陬ｽ蜩√さ繝ｼ繝・ V053143521 (讀懈渊蛹ｺ蛻・ｵｱ蜷域ｸ医∩) [霑ｽ蜉繧､繝ｳ繝昴・繝・ +72蛟犠 [霑ｽ蜉繧､繝ｳ繝昴・繝・ +72蛟犠 [霑ｽ蜉繧､繝ｳ繝昴・繝・ +72蛟犠,2025/10/9 8:54,2025/10/9 17:23
3893,ORD-20251021-V053143521,1,2025/10/21,2025/10/21,72,0,0,72,譛ｪ蜃ｺ闕ｷ,C036,蜿門ｼ募・36,NULL,5,陬ｽ蜩√さ繝ｼ繝・ V053143521 (讀懈渊蛹ｺ蛻・ｵｱ蜷域ｸ医∩) [霑ｽ蜉繧､繝ｳ繝昴・繝・ +72蛟犠 [霑ｽ蜉繧､繝ｳ繝昴・繝・ +72蛟犠 [霑ｽ蜉繧､繝ｳ繝昴・繝・ +72蛟犠,2025/10/9 8:54,2025/10/9 17:23
3947,ORD-20251021-V053143615,2,2025/10/21,2025/10/21,72,0,0,72,譛ｪ蜃ｺ闕ｷ,C036,蜿門ｼ募・36,NULL,5,陬ｽ蜩√さ繝ｼ繝・ V053143615 (讀懈渊蛹ｺ蛻・ｵｱ蜷域ｸ医∩) [霑ｽ蜉繧､繝ｳ繝昴・繝・ +72蛟犠 [霑ｽ蜉繧､繝ｳ繝昴・繝・ +72蛟犠 [霑ｽ蜉繧､繝ｳ繝昴・繝・ +72蛟犠,2025/10/9 8:54,2025/10/9 17:23
3996,ORD-20251021-V053103705,3,2025/10/21,2025/10/21,3,0,0,3,譛ｪ蜃ｺ闕ｷ,C036,蜿門ｼ募・36,NULL,5,陬ｽ蜩√さ繝ｼ繝・ V053103705 (讀懈渊蛹ｺ蛻・ｵｱ蜷域ｸ医∩) [霑ｽ蜉繧､繝ｳ繝昴・繝・ +3蛟犠 [霑ｽ蜉繧､繝ｳ繝昴・繝・ +3蛟犠 [霑ｽ蜉繧､繝ｳ繝昴・繝・ +3蛟犠,2025/10/9 8:54,2025/10/9 17:23
4038,ORD-20251021-V053104642,4,2025/10/21,2025/10/21,72,0,0,72,譛ｪ蜃ｺ闕ｷ,C036,蜿門ｼ募・36,NULL,5,陬ｽ蜩√さ繝ｼ繝・ V053104642 (讀懈渊蛹ｺ蛻・ｵｱ蜷域ｸ医∩) [霑ｽ蜉繧､繝ｳ繝昴・繝・ +72蛟犠 [霑ｽ蜉繧､繝ｳ繝昴・繝・ +72蛟犠 [霑ｽ蜉繧､繝ｳ繝昴・繝・ +72蛟犠,2025/10/9 8:54,2025/10/9 17:23
4093,ORD-20251021-V053904703,5,2025/10/21,2025/10/21,51,0,0,51,譛ｪ蜃ｺ闕ｷ,C036,蜿門ｼ募・36,NULL,5,陬ｽ蜩√さ繝ｼ繝・ V053904703 (讀懈渊蛹ｺ蛻・ｵｱ蜷域ｸ医∩) [霑ｽ蜉繧､繝ｳ繝昴・繝・ +51蛟犠 [霑ｽ蜉繧､繝ｳ繝昴・繝・ +51蛟犠 [霑ｽ蜉繧､繝ｳ繝昴・繝・ +51蛟犠,2025/10/9 8:54,2025/10/9 17:23
3898,ORD-20251028-V053143521,1,2025/10/28,2025/10/28,64,0,0,64,譛ｪ蜃ｺ闕ｷ,C036,蜿門ｼ募・36,NULL,5,陬ｽ蜩√さ繝ｼ繝・ V053143521 (讀懈渊蛹ｺ蛻・ｵｱ蜷域ｸ医∩) [霑ｽ蜉繧､繝ｳ繝昴・繝・ +64蛟犠 [霑ｽ蜉繧､繝ｳ繝昴・繝・ +64蛟犠 [霑ｽ蜉繧､繝ｳ繝昴・繝・ +64蛟犠,2025/10/9 8:54,2025/10/9 17:23
3899,ORD-20251029-V053143521,1,2025/10/29,2025/10/29,56,0,0,56,譛ｪ蜃ｺ闕ｷ,C036,蜿門ｼ募・36,NULL,5,陬ｽ蜩√さ繝ｼ繝・ V053143521 (讀懈渊蛹ｺ蛻・ｵｱ蜷域ｸ医∩) [霑ｽ蜉繧､繝ｳ繝昴・繝・ +56蛟犠 [霑ｽ蜉繧､繝ｳ繝昴・繝・ +56蛟犠 [霑ｽ蜉繧､繝ｳ繝昴・繝・ +56蛟犠,2025/10/9 8:54,2025/10/9 17:23
3900,ORD-20251030-V053143521,1,2025/10/30,2025/10/30,56,0,0,56,譛ｪ蜃ｺ闕ｷ,C036,蜿門ｼ募・36,NULL,5,陬ｽ蜩√さ繝ｼ繝・ V053143521 (讀懈渊蛹ｺ蛻・ｵｱ蜷域ｸ医∩) [霑ｽ蜉繧､繝ｳ繝昴・繝・ +56蛟犠 [霑ｽ蜉繧､繝ｳ繝昴・繝・ +56蛟犠 [霑ｽ蜉繧､繝ｳ繝昴・繝・ +56蛟犠,2025/10/9 8:54,2025/10/9 17:23
3901,ORD-20251031-V053143521,1,2025/10/31,2025/10/31,56,0,0,56,譛ｪ蜃ｺ闕ｷ,C036,蜿門ｼ募・36,NULL,5,陬ｽ蜩√さ繝ｼ繝・ V053143521 (讀懈渊蛹ｺ蛻・ｵｱ蜷域ｸ医∩) [霑ｽ蜉繧､繝ｳ繝昴・繝・ +56蛟犠 [霑ｽ蜉繧､繝ｳ繝昴・繝・ +56蛟犠 [霑ｽ蜉繧､繝ｳ繝昴・繝・ +56蛟犠,2025/10/9 8:54,2025/10/9 17:23
3902,ORD-20251104-V053143521,1,2025/11/4,2025/11/4,64,0,0,64,譛ｪ蜃ｺ闕ｷ,C036,蜿門ｼ募・36,NULL,5,陬ｽ蜩√さ繝ｼ繝・ V053143521 (讀懈渊蛹ｺ蛻・ｵｱ蜷域ｸ医∩) [霑ｽ蜉繧､繝ｳ繝昴・繝・ +64蛟犠 [霑ｽ蜉繧､繝ｳ繝昴・繝・ +64蛟犠 [霑ｽ蜉繧､繝ｳ繝昴・繝・ +64蛟犠,2025/10/9 8:54,2025/10/9 17:23
3903,ORD-20251105-V053143521,1,2025/11/5,2025/11/5,56,0,0,56,譛ｪ蜃ｺ闕ｷ,C036,蜿門ｼ募・36,NULL,5,陬ｽ蜩√さ繝ｼ繝・ V053143521 (讀懈渊蛹ｺ蛻・ｵｱ蜷域ｸ医∩) [霑ｽ蜉繧､繝ｳ繝昴・繝・ +56蛟犠 [霑ｽ蜉繧､繝ｳ繝昴・繝・ +56蛟犠 [霑ｽ蜉繧､繝ｳ繝昴・繝・ +56蛟犠,2025/10/9 8:54,2025/10/9 17:23
3904,ORD-20251106-V053143521,1,2025/11/6,2025/11/6,56,0,0,56,譛ｪ蜃ｺ闕ｷ,C036,蜿門ｼ募・36,NULL,5,陬ｽ蜩√さ繝ｼ繝・ V053143521 (讀懈渊蛹ｺ蛻・ｵｱ蜷域ｸ医∩) [霑ｽ蜉繧､繝ｳ繝昴・繝・ +56蛟犠 [霑ｽ蜉繧､繝ｳ繝昴・繝・ +56蛟犠 [霑ｽ蜉繧､繝ｳ繝昴・繝・ +56蛟犠,2025/10/9 8:54,2025/10/9 17:23
3905,ORD-20251107-V053143521,1,2025/11/7,2025/11/7,56,0,0,56,譛ｪ蜃ｺ闕ｷ,C036,蜿門ｼ募・36,NULL,5,陬ｽ蜩√さ繝ｼ繝・ V053143521 (讀懈渊蛹ｺ蛻・ｵｱ蜷域ｸ医∩) [霑ｽ蜉繧､繝ｳ繝昴・繝・ +56蛟犠 [霑ｽ蜉繧､繝ｳ繝昴・繝・ +56蛟犠 [霑ｽ蜉繧､繝ｳ繝昴・繝・ +56蛟犠,2025/10/9 8:54,2025/10/9 17:23
3906,ORD-20251110-V053143521,1,2025/11/10,2025/11/10,56,0,0,56,譛ｪ蜃ｺ闕ｷ,C036,蜿門ｼ募・36,NULL,5,陬ｽ蜩√さ繝ｼ繝・ V053143521 (讀懈渊蛹ｺ蛻・ｵｱ蜷域ｸ医∩) [霑ｽ蜉繧､繝ｳ繝昴・繝・ +56蛟犠 [霑ｽ蜉繧､繝ｳ繝昴・繝・ +56蛟犠 [霑ｽ蜉繧､繝ｳ繝昴・繝・ +56蛟犠,2025/10/9 8:54,2025/10/9 17:23
3907,ORD-20251111-V053143521,1,2025/11/11,2025/11/11,56,0,0,56,譛ｪ蜃ｺ闕ｷ,C036,蜿門ｼ募・36,NULL,5,陬ｽ蜩√さ繝ｼ繝・ V053143521 (讀懈渊蛹ｺ蛻・ｵｱ蜷域ｸ医∩) [霑ｽ蜉繧､繝ｳ繝昴・繝・ +56蛟犠 [霑ｽ蜉繧､繝ｳ繝昴・繝・ +56蛟犠 [霑ｽ蜉繧､繝ｳ繝昴・繝・ +56蛟犠,2025/10/9 8:54,2025/10/9 17:23
3908,ORD-20251112-V053143521,1,2025/11/12,2025/11/12,64,0,0,64,譛ｪ蜃ｺ闕ｷ,C036,蜿門ｼ募・36,NULL,5,陬ｽ蜩√さ繝ｼ繝・ V053143521 (讀懈渊蛹ｺ蛻・ｵｱ蜷域ｸ医∩) [霑ｽ蜉繧､繝ｳ繝昴・繝・ +64蛟犠 [霑ｽ蜉繧､繝ｳ繝昴・繝・ +64蛟犠 [霑ｽ蜉繧､繝ｳ繝昴・繝・ +64蛟犠,2025/10/9 8:54,2025/10/9 17:23
3909,ORD-20251113-V053143521,1,2025/11/13,2025/11/13,64,0,0,64,譛ｪ蜃ｺ闕ｷ,C036,蜿門ｼ募・36,NULL,5,陬ｽ蜩√さ繝ｼ繝・ V053143521 (讀懈渊蛹ｺ蛻・ｵｱ蜷域ｸ医∩) [霑ｽ蜉繧､繝ｳ繝昴・繝・ +64蛟犠 [霑ｽ蜉繧､繝ｳ繝昴・繝・ +64蛟犠 [霑ｽ蜉繧､繝ｳ繝昴・繝・ +64蛟犠,2025/10/9 8:54,2025/10/9 17:23
3910,ORD-20251114-V053143521,1,2025/11/14,2025/11/14,56,0,0,56,譛ｪ蜃ｺ闕ｷ,C036,蜿門ｼ募・36,NULL,5,陬ｽ蜩√さ繝ｼ繝・ V053143521 (讀懈渊蛹ｺ蛻・ｵｱ蜷域ｸ医∩) [霑ｽ蜉繧､繝ｳ繝昴・繝・ +56蛟犠 [霑ｽ蜉繧､繝ｳ繝昴・繝・ +56蛟犠 [霑ｽ蜉繧､繝ｳ繝昴・繝・ +56蛟犠,2025/10/9 8:54,2025/10/9 17:23
3911,ORD-20251117-V053143521,1,2025/11/17,2025/11/17,72,0,0,72,譛ｪ蜃ｺ闕ｷ,C036,蜿門ｼ募・36,NULL,5,陬ｽ蜩√さ繝ｼ繝・ V053143521 (讀懈渊蛹ｺ蛻・ｵｱ蜷域ｸ医∩) [霑ｽ蜉繧､繝ｳ繝昴・繝・ +72蛟犠 [霑ｽ蜉繧､繝ｳ繝昴・繝・ +72蛟犠 [霑ｽ蜉繧､繝ｳ繝昴・繝・ +72蛟犠,2025/10/9 8:54,2025/10/9 17:23
3912,ORD-20251118-V053143521,1,2025/11/18,2025/11/18,64,0,0,64,譛ｪ蜃ｺ闕ｷ,C036,蜿門ｼ募・36,NULL,5,陬ｽ蜩√さ繝ｼ繝・ V053143521 (讀懈渊蛹ｺ蛻・ｵｱ蜷域ｸ医∩) [霑ｽ蜉繧､繝ｳ繝昴・繝・ +64蛟犠 [霑ｽ蜉繧､繝ｳ繝昴・繝・ +64蛟犠 [霑ｽ蜉繧､繝ｳ繝昴・繝・ +64蛟犠,2025/10/9 8:54,2025/10/9 17:23
3913,ORD-20251119-V053143521,1,2025/11/19,2025/11/19,80,0,0,80,譛ｪ蜃ｺ闕ｷ,C036,蜿門ｼ募・36,NULL,5,陬ｽ蜩√さ繝ｼ繝・ V053143521 (讀懈渊蛹ｺ蛻・ｵｱ蜷域ｸ医∩) [霑ｽ蜉繧､繝ｳ繝昴・繝・ +80蛟犠 [霑ｽ蜉繧､繝ｳ繝昴・繝・ +80蛟犠 [霑ｽ蜉繧､繝ｳ繝昴・繝・ +80蛟犠,2025/10/9 8:54,2025/10/9 17:23
3914,ORD-20251120-V053143521,1,2025/11/20,2025/11/20,24,0,0,24,譛ｪ蜃ｺ闕ｷ,C036,蜿門ｼ募・36,NULL,5,陬ｽ蜩√さ繝ｼ繝・ V053143521 (讀懈渊蛹ｺ蛻・ｵｱ蜷域ｸ医∩) [霑ｽ蜉繧､繝ｳ繝昴・繝・ +24蛟犠 [霑ｽ蜉繧､繝ｳ繝昴・繝・ +24蛟犠 [霑ｽ蜉繧､繝ｳ繝昴・繝・ +24蛟犠,2025/10/9 8:54,2025/10/9 17:23
3915,ORD-20251121-V053143521,1,2025/11/21,2025/11/21,56,0,0,56,譛ｪ蜃ｺ闕ｷ,C036,蜿門ｼ募・36,NULL,5,陬ｽ蜩√さ繝ｼ繝・ V053143521 (讀懈渊蛹ｺ蛻・ｵｱ蜷域ｸ医∩) [霑ｽ蜉繧､繝ｳ繝昴・繝・ +56蛟犠 [霑ｽ蜉繧､繝ｳ繝昴・繝・ +56蛟犠 [霑ｽ蜉繧､繝ｳ繝昴・繝・ +56蛟犠,2025/10/9 8:54,2025/10/9 17:23
3916,ORD-20251124-V053143521,1,2025/11/24,2025/11/24,64,0,0,64,譛ｪ蜃ｺ闕ｷ,C036,蜿門ｼ募・36,NULL,5,陬ｽ蜩√さ繝ｼ繝・ V053143521 (讀懈渊蛹ｺ蛻・ｵｱ蜷域ｸ医∩) [霑ｽ蜉繧､繝ｳ繝昴・繝・ +64蛟犠 [霑ｽ蜉繧､繝ｳ繝昴・繝・ +64蛟犠 [霑ｽ蜉繧､繝ｳ繝昴・繝・ +64蛟犠,2025/10/9 8:54,2025/10/9 17:23
3917,ORD-20251126-V053143521,1,2025/11/26,2025/11/26,56,0,0,56,譛ｪ蜃ｺ闕ｷ,C036,蜿門ｼ募・36,NULL,5,陬ｽ蜩√さ繝ｼ繝・ V053143521 (讀懈渊蛹ｺ蛻・ｵｱ蜷域ｸ医∩) [霑ｽ蜉繧､繝ｳ繝昴・繝・ +56蛟犠 [霑ｽ蜉繧､繝ｳ繝昴・繝・ +56蛟犠 [霑ｽ蜉繧､繝ｳ繝昴・繝・ +56蛟犠,2025/10/9 8:54,2025/10/9 17:23
3918,ORD-20251127-V053143521,1,2025/11/27,2025/11/27,56,0,0,56,譛ｪ蜃ｺ闕ｷ,C036,蜿門ｼ募・36,NULL,5,陬ｽ蜩√さ繝ｼ繝・ V053143521 (讀懈渊蛹ｺ蛻・ｵｱ蜷域ｸ医∩) [霑ｽ蜉繧､繝ｳ繝昴・繝・ +56蛟犠 [霑ｽ蜉繧､繝ｳ繝昴・繝・ +56蛟犠 [霑ｽ蜉繧､繝ｳ繝昴・繝・ +56蛟犠,2025/10/9 8:54,2025/10/9 17:23
3919,ORD-20251201-V053143521,1,2025/12/1,2025/12/1,56,0,0,56,譛ｪ蜃ｺ闕ｷ,C036,蜿門ｼ募・36,NULL,5,陬ｽ蜩√さ繝ｼ繝・ V053143521 (讀懈渊蛹ｺ蛻・ｵｱ蜷域ｸ医∩) [霑ｽ蜉繧､繝ｳ繝昴・繝・ +56蛟犠 [霑ｽ蜉繧､繝ｳ繝昴・繝・ +56蛟犠 [霑ｽ蜉繧､繝ｳ繝昴・繝・ +56蛟犠,2025/10/9 8:54,2025/10/9 17:23
3920,ORD-20251202-V053143521,1,2025/12/2,2025/12/2,64,0,0,64,譛ｪ蜃ｺ闕ｷ,C036,蜿門ｼ募・36,NULL,5,陬ｽ蜩√さ繝ｼ繝・ V053143521 (讀懈渊蛹ｺ蛻・ｵｱ蜷域ｸ医∩) [霑ｽ蜉繧､繝ｳ繝昴・繝・ +64蛟犠 [霑ｽ蜉繧､繝ｳ繝昴・繝・ +64蛟犠 [霑ｽ蜉繧､繝ｳ繝昴・繝・ +64蛟犠,2025/10/9 8:54,2025/10/9 17:23
3921,ORD-20251203-V053143521,1,2025/12/3,2025/12/3,56,0,0,56,譛ｪ蜃ｺ闕ｷ,C036,蜿門ｼ募・36,NULL,5,陬ｽ蜩√さ繝ｼ繝・ V053143521 (讀懈渊蛹ｺ蛻・ｵｱ蜷域ｸ医∩) [霑ｽ蜉繧､繝ｳ繝昴・繝・ +56蛟犠 [霑ｽ蜉繧､繝ｳ繝昴・繝・ +56蛟犠 [霑ｽ蜉繧､繝ｳ繝昴・繝・ +56蛟犠,2025/10/9 8:54,2025/10/9 17:23
3922,ORD-20251204-V053143521,1,2025/12/4,2025/12/4,56,0,0,56,譛ｪ蜃ｺ闕ｷ,C036,蜿門ｼ募・36,NULL,5,陬ｽ蜩√さ繝ｼ繝・ V053143521 (讀懈渊蛹ｺ蛻・ｵｱ蜷域ｸ医∩) [霑ｽ蜉繧､繝ｳ繝昴・繝・ +56蛟犠 [霑ｽ蜉繧､繝ｳ繝昴・繝・ +56蛟犠 [霑ｽ蜉繧､繝ｳ繝昴・繝・ +56蛟犠,2025/10/9 8:54,2025/10/9 17:23
3923,ORD-20251205-V053143521,1,2025/12/5,2025/12/5,56,0,0,56,譛ｪ蜃ｺ闕ｷ,C036,蜿門ｼ募・36,NULL,5,陬ｽ蜩√さ繝ｼ繝・ V053143521 (讀懈渊蛹ｺ蛻・ｵｱ蜷域ｸ医∩) [霑ｽ蜉繧､繝ｳ繝昴・繝・ +56蛟犠 [霑ｽ蜉繧､繝ｳ繝昴・繝・ +56蛟犠 [霑ｽ蜉繧､繝ｳ繝昴・繝・ +56蛟犠,2025/10/9 8:54,2025/10/9 17:23
3924,ORD-20251208-V053143521,1,2025/12/8,2025/12/8,56,0,0,56,譛ｪ蜃ｺ闕ｷ,C036,蜿門ｼ募・36,NULL,5,陬ｽ蜩√さ繝ｼ繝・ V053143521 (讀懈渊蛹ｺ蛻・ｵｱ蜷域ｸ医∩) [霑ｽ蜉繧､繝ｳ繝昴・繝・ +56蛟犠 [霑ｽ蜉繧､繝ｳ繝昴・繝・ +56蛟犠 [霑ｽ蜉繧､繝ｳ繝昴・繝・ +56蛟犠,2025/10/9 8:54,2025/10/9 17:23
3925,ORD-20251209-V053143521,1,2025/12/9,2025/12/9,56,0,0,56,譛ｪ蜃ｺ闕ｷ,C036,蜿門ｼ募・36,NULL,5,陬ｽ蜩√さ繝ｼ繝・ V053143521 (讀懈渊蛹ｺ蛻・ｵｱ蜷域ｸ医∩) [霑ｽ蜉繧､繝ｳ繝昴・繝・ +56蛟犠 [霑ｽ蜉繧､繝ｳ繝昴・繝・ +56蛟犠 [霑ｽ蜉繧､繝ｳ繝昴・繝・ +56蛟犠,2025/10/9 8:54,2025/10/9 17:23
3926,ORD-20251210-V053143521,1,2025/12/10,2025/12/10,64,0,0,64,譛ｪ蜃ｺ闕ｷ,C036,蜿門ｼ募・36,NULL,5,陬ｽ蜩√さ繝ｼ繝・ V053143521 (讀懈渊蛹ｺ蛻・ｵｱ蜷域ｸ医∩) [霑ｽ蜉繧､繝ｳ繝昴・繝・ +64蛟犠 [霑ｽ蜉繧､繝ｳ繝昴・繝・ +64蛟犠 [霑ｽ蜉繧､繝ｳ繝昴・繝・ +64蛟犠,2025/10/9 8:54,2025/10/9 17:23
3927,ORD-20251211-V053143521,1,2025/12/11,2025/12/11,56,0,0,56,譛ｪ蜃ｺ闕ｷ,C036,蜿門ｼ募・36,NULL,5,陬ｽ蜩√さ繝ｼ繝・ V053143521 (讀懈渊蛹ｺ蛻・ｵｱ蜷域ｸ医∩) [霑ｽ蜉繧､繝ｳ繝昴・繝・ +56蛟犠 [霑ｽ蜉繧､繝ｳ繝昴・繝・ +56蛟犠 [霑ｽ蜉繧､繝ｳ繝昴・繝・ +56蛟犠,2025/10/9 8:54,2025/10/9 17:23
3928,ORD-20251212-V053143521,1,2025/12/12,2025/12/12,48,0,0,48,譛ｪ蜃ｺ闕ｷ,C036,蜿門ｼ募・36,NULL,5,陬ｽ蜩√さ繝ｼ繝・ V053143521 (讀懈渊蛹ｺ蛻・ｵｱ蜷域ｸ医∩) [霑ｽ蜉繧､繝ｳ繝昴・繝・ +48蛟犠 [霑ｽ蜉繧､繝ｳ繝昴・繝・ +48蛟犠 [霑ｽ蜉繧､繝ｳ繝昴・繝・ +48蛟犠,2025/10/9 8:54,2025/10/9 17:23
3929,ORD-20251215-V053143521,1,2025/12/15,2025/12/15,64,0,0,64,譛ｪ蜃ｺ闕ｷ,C036,蜿門ｼ募・36,NULL,5,陬ｽ蜩√さ繝ｼ繝・ V053143521 (讀懈渊蛹ｺ蛻・ｵｱ蜷域ｸ医∩) [霑ｽ蜉繧､繝ｳ繝昴・繝・ +64蛟犠 [霑ｽ蜉繧､繝ｳ繝昴・繝・ +64蛟犠 [霑ｽ蜉繧､繝ｳ繝昴・繝・ +64蛟犠,2025/10/9 8:54,2025/10/9 17:23
3930,ORD-20251216-V053143521,1,2025/12/16,2025/12/16,56,0,0,56,譛ｪ蜃ｺ闕ｷ,C036,蜿門ｼ募・36,NULL,5,陬ｽ蜩√さ繝ｼ繝・ V053143521 (讀懈渊蛹ｺ蛻・ｵｱ蜷域ｸ医∩) [霑ｽ蜉繧､繝ｳ繝昴・繝・ +56蛟犠 [霑ｽ蜉繧､繝ｳ繝昴・繝・ +56蛟犠 [霑ｽ蜉繧､繝ｳ繝昴・繝・ +56蛟犠,2025/10/9 8:54,2025/10/9 17:23
3931,ORD-20251217-V053143521,1,2025/12/17,2025/12/17,56,0,0,56,譛ｪ蜃ｺ闕ｷ,C036,蜿門ｼ募・36,NULL,5,陬ｽ蜩√さ繝ｼ繝・ V053143521 (讀懈渊蛹ｺ蛻・ｵｱ蜷域ｸ医∩) [霑ｽ蜉繧､繝ｳ繝昴・繝・ +56蛟犠 [霑ｽ蜉繧､繝ｳ繝昴・繝・ +56蛟犠 [霑ｽ蜉繧､繝ｳ繝昴・繝・ +56蛟犠,2025/10/9 8:54,2025/10/9 17:23
3932,ORD-20251218-V053143521,1,2025/12/18,2025/12/18,56,0,0,56,譛ｪ蜃ｺ闕ｷ,C036,蜿門ｼ募・36,NULL,5,陬ｽ蜩√さ繝ｼ繝・ V053143521 (讀懈渊蛹ｺ蛻・ｵｱ蜷域ｸ医∩) [霑ｽ蜉繧､繝ｳ繝昴・繝・ +56蛟犠 [霑ｽ蜉繧､繝ｳ繝昴・繝・ +56蛟犠 [霑ｽ蜉繧､繝ｳ繝昴・繝・ +56蛟犠,2025/10/9 8:54,2025/10/9 17:23
3933,ORD-20251219-V053143521,1,2025/12/19,2025/12/19,56,0,0,56,譛ｪ蜃ｺ闕ｷ,C036,蜿門ｼ募・36,NULL,5,陬ｽ蜩√さ繝ｼ繝・ V053143521 (讀懈渊蛹ｺ蛻・ｵｱ蜷域ｸ医∩) [霑ｽ蜉繧､繝ｳ繝昴・繝・ +56蛟犠 [霑ｽ蜉繧､繝ｳ繝昴・繝・ +56蛟犠 [霑ｽ蜉繧､繝ｳ繝昴・繝・ +56蛟犠,2025/10/9 8:54,2025/10/9 17:23
3934,ORD-20251001-V053143615,2,2025/10/1,2025/10/1,57,0,57,0,譛ｪ蜃ｺ闕ｷ,C036,蜿門ｼ募・36,NULL,5,陬ｽ蜩√さ繝ｼ繝・ V053143615 (讀懈渊蛹ｺ蛻・ｵｱ蜷域ｸ医∩) [霑ｽ蜉繧､繝ｳ繝昴・繝・ +57蛟犠 [霑ｽ蜉繧､繝ｳ繝昴・繝・ +57蛟犠 [霑ｽ蜉繧､繝ｳ繝昴・繝・ +57蛟犠,2025/10/9 8:54,2025/10/9 17:23
3935,ORD-20251002-V053143615,2,2025/10/2,2025/10/2,72,0,72,0,譛ｪ蜃ｺ闕ｷ,C036,蜿門ｼ募・36,NULL,5,陬ｽ蜩√さ繝ｼ繝・ V053143615 (讀懈渊蛹ｺ蛻・ｵｱ蜷域ｸ医∩) [霑ｽ蜉繧､繝ｳ繝昴・繝・ +72蛟犠 [霑ｽ蜉繧､繝ｳ繝昴・繝・ +72蛟犠 [霑ｽ蜉繧､繝ｳ繝昴・繝・ +72蛟犠,2025/10/9 8:54,2025/10/9 17:23
3936,ORD-20251003-V053143615,2,2025/10/3,2025/10/3,57,0,57,0,譛ｪ蜃ｺ闕ｷ,C036,蜿門ｼ募・36,NULL,5,陬ｽ蜩√さ繝ｼ繝・ V053143615 (讀懈渊蛹ｺ蛻・ｵｱ蜷域ｸ医∩) [霑ｽ蜉繧､繝ｳ繝昴・繝・ +57蛟犠 [霑ｽ蜉繧､繝ｳ繝昴・繝・ +57蛟犠 [霑ｽ蜉繧､繝ｳ繝昴・繝・ +57蛟犠,2025/10/9 8:54,2025/10/9 17:23
3937,ORD-20251006-V053143615,2,2025/10/6,2025/10/6,72,0,72,0,譛ｪ蜃ｺ闕ｷ,C036,蜿門ｼ募・36,NULL,5,陬ｽ蜩√さ繝ｼ繝・ V053143615 (讀懈渊蛹ｺ蛻・ｵｱ蜷域ｸ医∩) [霑ｽ蜉繧､繝ｳ繝昴・繝・ +72蛟犠 [霑ｽ蜉繧､繝ｳ繝昴・繝・ +72蛟犠 [霑ｽ蜉繧､繝ｳ繝昴・繝・ +72蛟犠,2025/10/9 8:54,2025/10/9 17:43
3938,ORD-20251007-V053143615,2,2025/10/7,2025/10/7,57,0,57,0,譛ｪ蜃ｺ闕ｷ,C036,蜿門ｼ募・36,NULL,5,陬ｽ蜩√さ繝ｼ繝・ V053143615 (讀懈渊蛹ｺ蛻・ｵｱ蜷域ｸ医∩) [霑ｽ蜉繧､繝ｳ繝昴・繝・ +57蛟犠 [霑ｽ蜉繧､繝ｳ繝昴・繝・ +57蛟犠 [霑ｽ蜉繧､繝ｳ繝昴・繝・ +57蛟犠,2025/10/9 8:54,2025/10/9 17:43
3939,ORD-20251008-V053143615,2,2025/10/8,2025/10/8,60,0,60,0,譛ｪ蜃ｺ闕ｷ,C036,蜿門ｼ募・36,NULL,5,陬ｽ蜩√さ繝ｼ繝・ V053143615 (讀懈渊蛹ｺ蛻・ｵｱ蜷域ｸ医∩) [霑ｽ蜉繧､繝ｳ繝昴・繝・ +60蛟犠 [霑ｽ蜉繧､繝ｳ繝昴・繝・ +60蛟犠 [霑ｽ蜉繧､繝ｳ繝昴・繝・ +60蛟犠,2025/10/9 8:54,2025/10/9 17:43
3940,ORD-20251009-V053143615,2,2025/10/9,2025/10/9,57,0,0,57,譛ｪ蜃ｺ闕ｷ,C036,蜿門ｼ募・36,NULL,5,陬ｽ蜩√さ繝ｼ繝・ V053143615 (讀懈渊蛹ｺ蛻・ｵｱ蜷域ｸ医∩) [霑ｽ蜉繧､繝ｳ繝昴・繝・ +57蛟犠 [霑ｽ蜉繧､繝ｳ繝昴・繝・ +57蛟犠 [霑ｽ蜉繧､繝ｳ繝昴・繝・ +57蛟犠,2025/10/9 8:54,2025/10/9 17:23
3941,ORD-20251010-V053143615,2,2025/10/10,2025/10/10,72,0,0,72,譛ｪ蜃ｺ闕ｷ,C036,蜿門ｼ募・36,NULL,5,陬ｽ蜩√さ繝ｼ繝・ V053143615 (讀懈渊蛹ｺ蛻・ｵｱ蜷域ｸ医∩) [霑ｽ蜉繧､繝ｳ繝昴・繝・ +72蛟犠 [霑ｽ蜉繧､繝ｳ繝昴・繝・ +72蛟犠 [霑ｽ蜉繧､繝ｳ繝昴・繝・ +72蛟犠,2025/10/9 8:54,2025/10/10 9:55
3942,ORD-20251014-V053143615,2,2025/10/14,2025/10/14,42,0,0,42,譛ｪ蜃ｺ闕ｷ,C036,蜿門ｼ募・36,NULL,5,陬ｽ蜩√さ繝ｼ繝・ V053143615 (讀懈渊蛹ｺ蛻・ｵｱ蜷域ｸ医∩) [霑ｽ蜉繧､繝ｳ繝昴・繝・ +42蛟犠 [霑ｽ蜉繧､繝ｳ繝昴・繝・ +42蛟犠 [霑ｽ蜉繧､繝ｳ繝昴・繝・ +42蛟犠,2025/10/9 8:54,2025/10/9 17:23
3943,ORD-20251015-V053143615,2,2025/10/15,2025/10/15,57,0,0,57,譛ｪ蜃ｺ闕ｷ,C036,蜿門ｼ募・36,NULL,5,陬ｽ蜩√さ繝ｼ繝・ V053143615 (讀懈渊蛹ｺ蛻・ｵｱ蜷域ｸ医∩) [霑ｽ蜉繧､繝ｳ繝昴・繝・ +57蛟犠 [霑ｽ蜉繧､繝ｳ繝昴・繝・ +57蛟犠 [霑ｽ蜉繧､繝ｳ繝昴・繝・ +57蛟犠,2025/10/9 8:54,2025/10/10 9:55
3944,ORD-20251016-V053143615,2,2025/10/16,2025/10/16,57,0,0,57,譛ｪ蜃ｺ闕ｷ,C036,蜿門ｼ募・36,NULL,5,陬ｽ蜩√さ繝ｼ繝・ V053143615 (讀懈渊蛹ｺ蛻・ｵｱ蜷域ｸ医∩) [霑ｽ蜉繧､繝ｳ繝昴・繝・ +57蛟犠 [霑ｽ蜉繧､繝ｳ繝昴・繝・ +57蛟犠 [霑ｽ蜉繧､繝ｳ繝昴・繝・ +57蛟犠,2025/10/9 8:54,2025/10/10 9:55
3945,ORD-20251017-V053143615,2,2025/10/17,2025/10/17,51,0,0,51,譛ｪ蜃ｺ闕ｷ,C036,蜿門ｼ募・36,NULL,5,陬ｽ蜩√さ繝ｼ繝・ V053143615 (讀懈渊蛹ｺ蛻・ｵｱ蜷域ｸ医∩) [霑ｽ蜉繧､繝ｳ繝昴・繝・ +51蛟犠 [霑ｽ蜉繧､繝ｳ繝昴・繝・ +51蛟犠 [霑ｽ蜉繧､繝ｳ繝昴・繝・ +51蛟犠,2025/10/9 8:54,2025/10/10 9:55
3946,ORD-20251020-V053143615,2,2025/10/20,2025/10/20,72,0,0,72,譛ｪ蜃ｺ闕ｷ,C036,蜿門ｼ募・36,NULL,5,陬ｽ蜩√さ繝ｼ繝・ V053143615 (讀懈渊蛹ｺ蛻・ｵｱ蜷域ｸ医∩) [霑ｽ蜉繧､繝ｳ繝昴・繝・ +72蛟犠 [霑ｽ蜉繧､繝ｳ繝昴・繝・ +72蛟犠 [霑ｽ蜉繧､繝ｳ繝昴・繝・ +72蛟犠,2025/10/9 8:54,2025/10/9 17:23
4149,ORD-20251021-V065103703,6,2025/10/21,2025/10/21,3,0,0,3,譛ｪ蜃ｺ闕ｷ,C036,蜿門ｼ募・36,NULL,5,陬ｽ蜩√さ繝ｼ繝・ V065103703 (謨ｰ驥乗峩譁ｰ: 6竊・),2025/10/9 8:54,2025/10/9 17:31
4198,ORD-20251021-V065104642,7,2025/10/21,2025/10/21,56,0,0,56,譛ｪ蜃ｺ闕ｷ,C036,蜿門ｼ募・36,NULL,5,陬ｽ蜩√さ繝ｼ繝・ V065104642 (讀懈渊蛹ｺ蛻・ｵｱ蜷域ｸ医∩) [霑ｽ蜉繧､繝ｳ繝昴・繝・ +56蛟犠 [霑ｽ蜉繧､繝ｳ繝昴・繝・ +56蛟犠 [霑ｽ蜉繧､繝ｳ繝昴・繝・ +56蛟犠,2025/10/9 8:54,2025/10/9 17:23
4309,ORD-20251021-V065104703,8,2025/10/21,2025/10/21,36,0,0,36,譛ｪ蜃ｺ闕ｷ,C036,蜿門ｼ募・36,NULL,5,陬ｽ蜩√さ繝ｼ繝・ V065104703 (謨ｰ驥乗峩譁ｰ: 72竊・6),2025/10/9 17:23,2025/10/9 17:31
3894,ORD-20251022-V053143521,1,2025/10/22,2025/10/22,56,0,0,56,譛ｪ蜃ｺ闕ｷ,C036,蜿門ｼ募・36,NULL,5,陬ｽ蜩√さ繝ｼ繝・ V053143521 (讀懈渊蛹ｺ蛻・ｵｱ蜷域ｸ医∩) [霑ｽ蜉繧､繝ｳ繝昴・繝・ +56蛟犠 [霑ｽ蜉繧､繝ｳ繝昴・繝・ +56蛟犠 [霑ｽ蜉繧､繝ｳ繝昴・繝・ +56蛟犠,2025/10/9 8:54,2025/10/9 17:23
3948,ORD-20251022-V053143615,2,2025/10/22,2025/10/22,57,0,0,57,譛ｪ蜃ｺ闕ｷ,C036,蜿門ｼ募・36,NULL,5,陬ｽ蜩√さ繝ｼ繝・ V053143615 (讀懈渊蛹ｺ蛻・ｵｱ蜷域ｸ医∩) [霑ｽ蜉繧､繝ｳ繝昴・繝・ +57蛟犠 [霑ｽ蜉繧､繝ｳ繝昴・繝・ +57蛟犠 [霑ｽ蜉繧､繝ｳ繝昴・繝・ +57蛟犠,2025/10/9 8:54,2025/10/9 17:23
3952,ORD-20251028-V053143615,2,2025/10/28,2025/10/28,57,0,0,57,譛ｪ蜃ｺ闕ｷ,C036,蜿門ｼ募・36,NULL,5,陬ｽ蜩√さ繝ｼ繝・ V053143615 (讀懈渊蛹ｺ蛻・ｵｱ蜷域ｸ医∩) [霑ｽ蜉繧､繝ｳ繝昴・繝・ +57蛟犠 [霑ｽ蜉繧､繝ｳ繝昴・繝・ +57蛟犠 [霑ｽ蜉繧､繝ｳ繝昴・繝・ +57蛟犠,2025/10/9 8:54,2025/10/9 17:23
3953,ORD-20251029-V053143615,2,2025/10/29,2025/10/29,57,0,0,57,譛ｪ蜃ｺ闕ｷ,C036,蜿門ｼ募・36,NULL,5,陬ｽ蜩√さ繝ｼ繝・ V053143615 (讀懈渊蛹ｺ蛻・ｵｱ蜷域ｸ医∩) [霑ｽ蜉繧､繝ｳ繝昴・繝・ +57蛟犠 [霑ｽ蜉繧､繝ｳ繝昴・繝・ +57蛟犠 [霑ｽ蜉繧､繝ｳ繝昴・繝・ +57蛟犠,2025/10/9 8:54,2025/10/9 17:23
3954,ORD-20251030-V053143615,2,2025/10/30,2025/10/30,57,0,0,57,譛ｪ蜃ｺ闕ｷ,C036,蜿門ｼ募・36,NULL,5,陬ｽ蜩√さ繝ｼ繝・ V053143615 (讀懈渊蛹ｺ蛻・ｵｱ蜷域ｸ医∩) [霑ｽ蜉繧､繝ｳ繝昴・繝・ +57蛟犠 [霑ｽ蜉繧､繝ｳ繝昴・繝・ +57蛟犠 [霑ｽ蜉繧､繝ｳ繝昴・繝・ +57蛟犠,2025/10/9 8:54,2025/10/9 17:23
3955,ORD-20251031-V053143615,2,2025/10/31,2025/10/31,60,0,0,60,譛ｪ蜃ｺ闕ｷ,C036,蜿門ｼ募・36,NULL,5,陬ｽ蜩√さ繝ｼ繝・ V053143615 (讀懈渊蛹ｺ蛻・ｵｱ蜷域ｸ医∩) [霑ｽ蜉繧､繝ｳ繝昴・繝・ +60蛟犠 [霑ｽ蜉繧､繝ｳ繝昴・繝・ +60蛟犠 [霑ｽ蜉繧､繝ｳ繝昴・繝・ +60蛟犠,2025/10/9 8:54,2025/10/9 17:23
3956,ORD-20251104-V053143615,2,2025/11/4,2025/11/4,57,0,0,57,譛ｪ蜃ｺ闕ｷ,C036,蜿門ｼ募・36,NULL,5,陬ｽ蜩√さ繝ｼ繝・ V053143615 (讀懈渊蛹ｺ蛻・ｵｱ蜷域ｸ医∩) [霑ｽ蜉繧､繝ｳ繝昴・繝・ +57蛟犠 [霑ｽ蜉繧､繝ｳ繝昴・繝・ +57蛟犠 [霑ｽ蜉繧､繝ｳ繝昴・繝・ +57蛟犠,2025/10/9 8:54,2025/10/9 17:23
3957,ORD-20251105-V053143615,2,2025/11/5,2025/11/5,57,0,0,57,譛ｪ蜃ｺ闕ｷ,C036,蜿門ｼ募・36,NULL,5,陬ｽ蜩√さ繝ｼ繝・ V053143615 (讀懈渊蛹ｺ蛻・ｵｱ蜷域ｸ医∩) [霑ｽ蜉繧､繝ｳ繝昴・繝・ +57蛟犠 [霑ｽ蜉繧､繝ｳ繝昴・繝・ +57蛟犠 [霑ｽ蜉繧､繝ｳ繝昴・繝・ +57蛟犠,2025/10/9 8:54,2025/10/9 17:23
3958,ORD-20251106-V053143615,2,2025/11/6,2025/11/6,57,0,0,57,譛ｪ蜃ｺ闕ｷ,C036,蜿門ｼ募・36,NULL,5,陬ｽ蜩√さ繝ｼ繝・ V053143615 (讀懈渊蛹ｺ蛻・ｵｱ蜷域ｸ医∩) [霑ｽ蜉繧､繝ｳ繝昴・繝・ +57蛟犠 [霑ｽ蜉繧､繝ｳ繝昴・繝・ +57蛟犠 [霑ｽ蜉繧､繝ｳ繝昴・繝・ +57蛟犠,2025/10/9 8:54,2025/10/9 17:23
3959,ORD-20251107-V053143615,2,2025/11/7,2025/11/7,57,0,0,57,譛ｪ蜃ｺ闕ｷ,C036,蜿門ｼ募・36,NULL,5,陬ｽ蜩√さ繝ｼ繝・ V053143615 (讀懈渊蛹ｺ蛻・ｵｱ蜷域ｸ医∩) [霑ｽ蜉繧､繝ｳ繝昴・繝・ +57蛟犠 [霑ｽ蜉繧､繝ｳ繝昴・繝・ +57蛟犠 [霑ｽ蜉繧､繝ｳ繝昴・繝・ +57蛟犠,2025/10/9 8:54,2025/10/9 17:23
3960,ORD-20251110-V053143615,2,2025/11/10,2025/11/10,57,0,0,57,譛ｪ蜃ｺ闕ｷ,C036,蜿門ｼ募・36,NULL,5,陬ｽ蜩√さ繝ｼ繝・ V053143615 (讀懈渊蛹ｺ蛻・ｵｱ蜷域ｸ医∩) [霑ｽ蜉繧､繝ｳ繝昴・繝・ +57蛟犠 [霑ｽ蜉繧､繝ｳ繝昴・繝・ +57蛟犠 [霑ｽ蜉繧､繝ｳ繝昴・繝・ +57蛟犠,2025/10/9 8:54,2025/10/9 17:23
3961,ORD-20251111-V053143615,2,2025/11/11,2025/11/11,60,0,0,60,譛ｪ蜃ｺ闕ｷ,C036,蜿門ｼ募・36,NULL,5,陬ｽ蜩√さ繝ｼ繝・ V053143615 (讀懈渊蛹ｺ蛻・ｵｱ蜷域ｸ医∩) [霑ｽ蜉繧､繝ｳ繝昴・繝・ +60蛟犠 [霑ｽ蜉繧､繝ｳ繝昴・繝・ +60蛟犠 [霑ｽ蜉繧､繝ｳ繝昴・繝・ +60蛟犠,2025/10/9 8:54,2025/10/9 17:23
3962,ORD-20251112-V053143615,2,2025/11/12,2025/11/12,57,0,0,57,譛ｪ蜃ｺ闕ｷ,C036,蜿門ｼ募・36,NULL,5,陬ｽ蜩√さ繝ｼ繝・ V053143615 (讀懈渊蛹ｺ蛻・ｵｱ蜷域ｸ医∩) [霑ｽ蜉繧､繝ｳ繝昴・繝・ +57蛟犠 [霑ｽ蜉繧､繝ｳ繝昴・繝・ +57蛟犠 [霑ｽ蜉繧､繝ｳ繝昴・繝・ +57蛟犠,2025/10/9 8:54,2025/10/9 17:23
3963,ORD-20251113-V053143615,2,2025/11/13,2025/11/13,66,0,0,66,譛ｪ蜃ｺ闕ｷ,C036,蜿門ｼ募・36,NULL,5,陬ｽ蜩√さ繝ｼ繝・ V053143615 (讀懈渊蛹ｺ蛻・ｵｱ蜷域ｸ医∩) [霑ｽ蜉繧､繝ｳ繝昴・繝・ +66蛟犠 [霑ｽ蜉繧､繝ｳ繝昴・繝・ +66蛟犠 [霑ｽ蜉繧､繝ｳ繝昴・繝・ +66蛟犠,2025/10/9 8:54,2025/10/9 17:23
3964,ORD-20251114-V053143615,2,2025/11/14,2025/11/14,60,0,0,60,譛ｪ蜃ｺ闕ｷ,C036,蜿門ｼ募・36,NULL,5,陬ｽ蜩√さ繝ｼ繝・ V053143615 (讀懈渊蛹ｺ蛻・ｵｱ蜷域ｸ医∩) [霑ｽ蜉繧､繝ｳ繝昴・繝・ +60蛟犠 [霑ｽ蜉繧､繝ｳ繝昴・繝・ +60蛟犠 [霑ｽ蜉繧､繝ｳ繝昴・繝・ +60蛟犠,2025/10/9 8:54,2025/10/9 17:23
3965,ORD-20251117-V053143615,2,2025/11/17,2025/11/17,66,0,0,66,譛ｪ蜃ｺ闕ｷ,C036,蜿門ｼ募・36,NULL,5,陬ｽ蜩√さ繝ｼ繝・ V053143615 (讀懈渊蛹ｺ蛻・ｵｱ蜷域ｸ医∩) [霑ｽ蜉繧､繝ｳ繝昴・繝・ +66蛟犠 [霑ｽ蜉繧､繝ｳ繝昴・繝・ +66蛟犠 [霑ｽ蜉繧､繝ｳ繝昴・繝・ +66蛟犠,2025/10/9 8:54,2025/10/9 17:23
3966,ORD-20251118-V053143615,2,2025/11/18,2025/11/18,66,0,0,66,譛ｪ蜃ｺ闕ｷ,C036,蜿門ｼ募・36,NULL,5,陬ｽ蜩√さ繝ｼ繝・ V053143615 (讀懈渊蛹ｺ蛻・ｵｱ蜷域ｸ医∩) [霑ｽ蜉繧､繝ｳ繝昴・繝・ +66蛟犠 [霑ｽ蜉繧､繝ｳ繝昴・繝・ +66蛟犠 [霑ｽ蜉繧､繝ｳ繝昴・繝・ +66蛟犠,2025/10/9 8:54,2025/10/9 17:23
3967,ORD-20251119-V053143615,2,2025/11/19,2025/11/19,78,0,0,78,譛ｪ蜃ｺ闕ｷ,C036,蜿門ｼ募・36,NULL,5,陬ｽ蜩√さ繝ｼ繝・ V053143615 (讀懈渊蛹ｺ蛻・ｵｱ蜷域ｸ医∩) [霑ｽ蜉繧､繝ｳ繝昴・繝・ +78蛟犠 [霑ｽ蜉繧､繝ｳ繝昴・繝・ +78蛟犠 [霑ｽ蜉繧､繝ｳ繝昴・繝・ +78蛟犠,2025/10/9 8:54,2025/10/9 17:23
3968,ORD-20251120-V053143615,2,2025/11/20,2025/11/20,27,0,0,27,譛ｪ蜃ｺ闕ｷ,C036,蜿門ｼ募・36,NULL,5,陬ｽ蜩√さ繝ｼ繝・ V053143615 (讀懈渊蛹ｺ蛻・ｵｱ蜷域ｸ医∩) [霑ｽ蜉繧､繝ｳ繝昴・繝・ +27蛟犠 [霑ｽ蜉繧､繝ｳ繝昴・繝・ +27蛟犠 [霑ｽ蜉繧､繝ｳ繝昴・繝・ +27蛟犠,2025/10/9 8:54,2025/10/9 17:23
3969,ORD-20251121-V053143615,2,2025/11/21,2025/11/21,60,0,0,60,譛ｪ蜃ｺ闕ｷ,C036,蜿門ｼ募・36,NULL,5,陬ｽ蜩√さ繝ｼ繝・ V053143615 (讀懈渊蛹ｺ蛻・ｵｱ蜷域ｸ医∩) [霑ｽ蜉繧､繝ｳ繝昴・繝・ +60蛟犠 [霑ｽ蜉繧､繝ｳ繝昴・繝・ +60蛟犠 [霑ｽ蜉繧､繝ｳ繝昴・繝・ +60蛟犠,2025/10/9 8:54,2025/10/9 17:23
3970,ORD-20251124-V053143615,2,2025/11/24,2025/11/24,57,0,0,57,譛ｪ蜃ｺ闕ｷ,C036,蜿門ｼ募・36,NULL,5,陬ｽ蜩√さ繝ｼ繝・ V053143615 (讀懈渊蛹ｺ蛻・ｵｱ蜷域ｸ医∩) [霑ｽ蜉繧､繝ｳ繝昴・繝・ +57蛟犠 [霑ｽ蜉繧､繝ｳ繝昴・繝・ +57蛟犠 [霑ｽ蜉繧､繝ｳ繝昴・繝・ +57蛟犠,2025/10/9 8:54,2025/10/9 17:23
3971,ORD-20251126-V053143615,2,2025/11/26,2025/11/26,57,0,0,57,譛ｪ蜃ｺ闕ｷ,C036,蜿門ｼ募・36,NULL,5,陬ｽ蜩√さ繝ｼ繝・ V053143615 (讀懈渊蛹ｺ蛻・ｵｱ蜷域ｸ医∩) [霑ｽ蜉繧､繝ｳ繝昴・繝・ +57蛟犠 [霑ｽ蜉繧､繝ｳ繝昴・繝・ +57蛟犠 [霑ｽ蜉繧､繝ｳ繝昴・繝・ +57蛟犠,2025/10/9 8:54,2025/10/9 17:23
3972,ORD-20251127-V053143615,2,2025/11/27,2025/11/27,57,0,0,57,譛ｪ蜃ｺ闕ｷ,C036,蜿門ｼ募・36,NULL,5,陬ｽ蜩√さ繝ｼ繝・ V053143615 (讀懈渊蛹ｺ蛻・ｵｱ蜷域ｸ医∩) [霑ｽ蜉繧､繝ｳ繝昴・繝・ +57蛟犠 [霑ｽ蜉繧､繝ｳ繝昴・繝・ +57蛟犠 [霑ｽ蜉繧､繝ｳ繝昴・繝・ +57蛟犠,2025/10/9 8:54,2025/10/9 17:23
3973,ORD-20251201-V053143615,2,2025/12/1,2025/12/1,60,0,0,60,譛ｪ蜃ｺ闕ｷ,C036,蜿門ｼ募・36,NULL,5,陬ｽ蜩√さ繝ｼ繝・ V053143615 (讀懈渊蛹ｺ蛻・ｵｱ蜷域ｸ医∩) [霑ｽ蜉繧､繝ｳ繝昴・繝・ +60蛟犠 [霑ｽ蜉繧､繝ｳ繝昴・繝・ +60蛟犠 [霑ｽ蜉繧､繝ｳ繝昴・繝・ +60蛟犠,2025/10/9 8:54,2025/10/9 17:23
3974,ORD-20251202-V053143615,2,2025/12/2,2025/12/2,57,0,0,57,譛ｪ蜃ｺ闕ｷ,C036,蜿門ｼ募・36,NULL,5,陬ｽ蜩√さ繝ｼ繝・ V053143615 (讀懈渊蛹ｺ蛻・ｵｱ蜷域ｸ医∩) [霑ｽ蜉繧､繝ｳ繝昴・繝・ +57蛟犠 [霑ｽ蜉繧､繝ｳ繝昴・繝・ +57蛟犠 [霑ｽ蜉繧､繝ｳ繝昴・繝・ +57蛟犠,2025/10/9 8:54,2025/10/9 17:23
3975,ORD-20251203-V053143615,2,2025/12/3,2025/12/3,57,0,0,57,譛ｪ蜃ｺ闕ｷ,C036,蜿門ｼ募・36,NULL,5,陬ｽ蜩√さ繝ｼ繝・ V053143615 (讀懈渊蛹ｺ蛻・ｵｱ蜷域ｸ医∩) [霑ｽ蜉繧､繝ｳ繝昴・繝・ +57蛟犠 [霑ｽ蜉繧､繝ｳ繝昴・繝・ +57蛟犠 [霑ｽ蜉繧､繝ｳ繝昴・繝・ +57蛟犠,2025/10/9 8:54,2025/10/9 17:23
3976,ORD-20251204-V053143615,2,2025/12/4,2025/12/4,57,0,0,57,譛ｪ蜃ｺ闕ｷ,C036,蜿門ｼ募・36,NULL,5,陬ｽ蜩√さ繝ｼ繝・ V053143615 (讀懈渊蛹ｺ蛻・ｵｱ蜷域ｸ医∩) [霑ｽ蜉繧､繝ｳ繝昴・繝・ +57蛟犠 [霑ｽ蜉繧､繝ｳ繝昴・繝・ +57蛟犠 [霑ｽ蜉繧､繝ｳ繝昴・繝・ +57蛟犠,2025/10/9 8:54,2025/10/9 17:23
3977,ORD-20251205-V053143615,2,2025/12/5,2025/12/5,57,0,0,57,譛ｪ蜃ｺ闕ｷ,C036,蜿門ｼ募・36,NULL,5,陬ｽ蜩√さ繝ｼ繝・ V053143615 (讀懈渊蛹ｺ蛻・ｵｱ蜷域ｸ医∩) [霑ｽ蜉繧､繝ｳ繝昴・繝・ +57蛟犠 [霑ｽ蜉繧､繝ｳ繝昴・繝・ +57蛟犠 [霑ｽ蜉繧､繝ｳ繝昴・繝・ +57蛟犠,2025/10/9 8:54,2025/10/9 17:23
3978,ORD-20251208-V053143615,2,2025/12/8,2025/12/8,57,0,0,57,譛ｪ蜃ｺ闕ｷ,C036,蜿門ｼ募・36,NULL,5,陬ｽ蜩√さ繝ｼ繝・ V053143615 (讀懈渊蛹ｺ蛻・ｵｱ蜷域ｸ医∩) [霑ｽ蜉繧､繝ｳ繝昴・繝・ +57蛟犠 [霑ｽ蜉繧､繝ｳ繝昴・繝・ +57蛟犠 [霑ｽ蜉繧､繝ｳ繝昴・繝・ +57蛟犠,2025/10/9 8:54,2025/10/9 17:23
3979,ORD-20251209-V053143615,2,2025/12/9,2025/12/9,60,0,0,60,譛ｪ蜃ｺ闕ｷ,C036,蜿門ｼ募・36,NULL,5,陬ｽ蜩√さ繝ｼ繝・ V053143615 (讀懈渊蛹ｺ蛻・ｵｱ蜷域ｸ医∩) [霑ｽ蜉繧､繝ｳ繝昴・繝・ +60蛟犠 [霑ｽ蜉繧､繝ｳ繝昴・繝・ +60蛟犠 [霑ｽ蜉繧､繝ｳ繝昴・繝・ +60蛟犠,2025/10/9 8:54,2025/10/9 17:23
3980,ORD-20251210-V053143615,2,2025/12/10,2025/12/10,57,0,0,57,譛ｪ蜃ｺ闕ｷ,C036,蜿門ｼ募・36,NULL,5,陬ｽ蜩√さ繝ｼ繝・ V053143615 (讀懈渊蛹ｺ蛻・ｵｱ蜷域ｸ医∩) [霑ｽ蜉繧､繝ｳ繝昴・繝・ +57蛟犠 [霑ｽ蜉繧､繝ｳ繝昴・繝・ +57蛟犠 [霑ｽ蜉繧､繝ｳ繝昴・繝・ +57蛟犠,2025/10/9 8:54,2025/10/9 17:23
3981,ORD-20251211-V053143615,2,2025/12/11,2025/12/11,57,0,0,57,譛ｪ蜃ｺ闕ｷ,C036,蜿門ｼ募・36,NULL,5,陬ｽ蜩√さ繝ｼ繝・ V053143615 (讀懈渊蛹ｺ蛻・ｵｱ蜷域ｸ医∩) [霑ｽ蜉繧､繝ｳ繝昴・繝・ +57蛟犠 [霑ｽ蜉繧､繝ｳ繝昴・繝・ +57蛟犠 [霑ｽ蜉繧､繝ｳ繝昴・繝・ +57蛟犠,2025/10/9 8:54,2025/10/9 17:23
3982,ORD-20251212-V053143615,2,2025/12/12,2025/12/12,51,0,0,51,譛ｪ蜃ｺ闕ｷ,C036,蜿門ｼ募・36,NULL,5,陬ｽ蜩√さ繝ｼ繝・ V053143615 (讀懈渊蛹ｺ蛻・ｵｱ蜷域ｸ医∩) [霑ｽ蜉繧､繝ｳ繝昴・繝・ +51蛟犠 [霑ｽ蜉繧､繝ｳ繝昴・繝・ +51蛟犠 [霑ｽ蜉繧､繝ｳ繝昴・繝・ +51蛟犠,2025/10/9 8:54,2025/10/9 17:23
3983,ORD-20251215-V053143615,2,2025/12/15,2025/12/15,60,0,0,60,譛ｪ蜃ｺ闕ｷ,C036,蜿門ｼ募・36,NULL,5,陬ｽ蜩√さ繝ｼ繝・ V053143615 (讀懈渊蛹ｺ蛻・ｵｱ蜷域ｸ医∩) [霑ｽ蜉繧､繝ｳ繝昴・繝・ +60蛟犠 [霑ｽ蜉繧､繝ｳ繝昴・繝・ +60蛟犠 [霑ｽ蜉繧､繝ｳ繝昴・繝・ +60蛟犠,2025/10/9 8:54,2025/10/9 17:23
3984,ORD-20251216-V053143615,2,2025/12/16,2025/12/16,57,0,0,57,譛ｪ蜃ｺ闕ｷ,C036,蜿門ｼ募・36,NULL,5,陬ｽ蜩√さ繝ｼ繝・ V053143615 (讀懈渊蛹ｺ蛻・ｵｱ蜷域ｸ医∩) [霑ｽ蜉繧､繝ｳ繝昴・繝・ +57蛟犠 [霑ｽ蜉繧､繝ｳ繝昴・繝・ +57蛟犠 [霑ｽ蜉繧､繝ｳ繝昴・繝・ +57蛟犠,2025/10/9 8:54,2025/10/9 17:23
3985,ORD-20251217-V053143615,2,2025/12/17,2025/12/17,57,0,0,57,譛ｪ蜃ｺ闕ｷ,C036,蜿門ｼ募・36,NULL,5,陬ｽ蜩√さ繝ｼ繝・ V053143615 (讀懈渊蛹ｺ蛻・ｵｱ蜷域ｸ医∩) [霑ｽ蜉繧､繝ｳ繝昴・繝・ +57蛟犠 [霑ｽ蜉繧､繝ｳ繝昴・繝・ +57蛟犠 [霑ｽ蜉繧､繝ｳ繝昴・繝・ +57蛟犠,2025/10/9 8:54,2025/10/9 17:23
3986,ORD-20251218-V053143615,2,2025/12/18,2025/12/18,60,0,0,60,譛ｪ蜃ｺ闕ｷ,C036,蜿門ｼ募・36,NULL,5,陬ｽ蜩√さ繝ｼ繝・ V053143615 (讀懈渊蛹ｺ蛻・ｵｱ蜷域ｸ医∩) [霑ｽ蜉繧､繝ｳ繝昴・繝・ +60蛟犠 [霑ｽ蜉繧､繝ｳ繝昴・繝・ +60蛟犠 [霑ｽ蜉繧､繝ｳ繝昴・繝・ +60蛟犠,2025/10/9 8:54,2025/10/9 17:23
3987,ORD-20251219-V053143615,2,2025/12/19,2025/12/19,54,0,0,54,譛ｪ蜃ｺ闕ｷ,C036,蜿門ｼ募・36,NULL,5,陬ｽ蜩√さ繝ｼ繝・ V053143615 (讀懈渊蛹ｺ蛻・ｵｱ蜷域ｸ医∩) [霑ｽ蜉繧､繝ｳ繝昴・繝・ +54蛟犠 [霑ｽ蜉繧､繝ｳ繝昴・繝・ +54蛟犠 [霑ｽ蜉繧､繝ｳ繝昴・繝・ +54蛟犠,2025/10/9 8:54,2025/10/9 17:23
3988,ORD-20251002-V053103705,3,2025/10/2,2025/10/2,3,0,3,0,譛ｪ蜃ｺ闕ｷ,C036,蜿門ｼ募・36,NULL,5,陬ｽ蜩√さ繝ｼ繝・ V053103705 (讀懈渊蛹ｺ蛻・ｵｱ蜷域ｸ医∩) [霑ｽ蜉繧､繝ｳ繝昴・繝・ +3蛟犠 [霑ｽ蜉繧､繝ｳ繝昴・繝・ +3蛟犠 [霑ｽ蜉繧､繝ｳ繝昴・繝・ +3蛟犠,2025/10/9 8:54,2025/10/9 17:23
3989,ORD-20251003-V053103705,3,2025/10/3,2025/10/3,3,0,3,0,譛ｪ蜃ｺ闕ｷ,C036,蜿門ｼ募・36,NULL,5,陬ｽ蜩√さ繝ｼ繝・ V053103705 (讀懈渊蛹ｺ蛻・ｵｱ蜷域ｸ医∩) [霑ｽ蜉繧､繝ｳ繝昴・繝・ +3蛟犠 [霑ｽ蜉繧､繝ｳ繝昴・繝・ +3蛟犠 [霑ｽ蜉繧､繝ｳ繝昴・繝・ +3蛟犠,2025/10/9 8:54,2025/10/9 17:23
3990,ORD-20251006-V053103705,3,2025/10/6,2025/10/6,3,0,3,0,譛ｪ蜃ｺ闕ｷ,C036,蜿門ｼ募・36,NULL,5,陬ｽ蜩√さ繝ｼ繝・ V053103705 (讀懈渊蛹ｺ蛻・ｵｱ蜷域ｸ医∩) [霑ｽ蜉繧､繝ｳ繝昴・繝・ +3蛟犠 [霑ｽ蜉繧､繝ｳ繝昴・繝・ +3蛟犠 [霑ｽ蜉繧､繝ｳ繝昴・繝・ +3蛟犠,2025/10/9 8:54,2025/10/9 17:42
3991,ORD-20251007-V053103705,3,2025/10/7,2025/10/7,3,0,3,0,譛ｪ蜃ｺ闕ｷ,C036,蜿門ｼ募・36,NULL,5,陬ｽ蜩√さ繝ｼ繝・ V053103705 (讀懈渊蛹ｺ蛻・ｵｱ蜷域ｸ医∩) [霑ｽ蜉繧､繝ｳ繝昴・繝・ +3蛟犠 [霑ｽ蜉繧､繝ｳ繝昴・繝・ +3蛟犠 [霑ｽ蜉繧､繝ｳ繝昴・繝・ +3蛟犠,2025/10/9 8:54,2025/10/9 17:42
3992,ORD-20251008-V053103705,3,2025/10/8,2025/10/8,3,0,3,0,譛ｪ蜃ｺ闕ｷ,C036,蜿門ｼ募・36,NULL,5,陬ｽ蜩√さ繝ｼ繝・ V053103705 (讀懈渊蛹ｺ蛻・ｵｱ蜷域ｸ医∩) [霑ｽ蜉繧､繝ｳ繝昴・繝・ +3蛟犠 [霑ｽ蜉繧､繝ｳ繝昴・繝・ +3蛟犠 [霑ｽ蜉繧､繝ｳ繝昴・繝・ +3蛟犠,2025/10/9 8:54,2025/10/9 17:42
3993,ORD-20251009-V053103705,3,2025/10/9,2025/10/9,3,0,0,3,譛ｪ蜃ｺ闕ｷ,C036,蜿門ｼ募・36,NULL,5,陬ｽ蜩√さ繝ｼ繝・ V053103705 (讀懈渊蛹ｺ蛻・ｵｱ蜷域ｸ医∩) [霑ｽ蜉繧､繝ｳ繝昴・繝・ +3蛟犠 [霑ｽ蜉繧､繝ｳ繝昴・繝・ +3蛟犠 [霑ｽ蜉繧､繝ｳ繝昴・繝・ +3蛟犠,2025/10/9 8:54,2025/10/9 17:23
3994,ORD-20251014-V053103705,3,2025/10/14,2025/10/14,3,0,0,3,譛ｪ蜃ｺ闕ｷ,C036,蜿門ｼ募・36,NULL,5,陬ｽ蜩√さ繝ｼ繝・ V053103705 (讀懈渊蛹ｺ蛻・ｵｱ蜷域ｸ医∩) [霑ｽ蜉繧､繝ｳ繝昴・繝・ +3蛟犠 [霑ｽ蜉繧､繝ｳ繝昴・繝・ +3蛟犠 [霑ｽ蜉繧､繝ｳ繝昴・繝・ +3蛟犠,2025/10/9 8:54,2025/10/9 17:23
3995,ORD-20251016-V053103705,3,2025/10/16,2025/10/16,3,0,0,3,譛ｪ蜃ｺ闕ｷ,C036,蜿門ｼ募・36,NULL,5,陬ｽ蜩√さ繝ｼ繝・ V053103705 (讀懈渊蛹ｺ蛻・ｵｱ蜷域ｸ医∩) [霑ｽ蜉繧､繝ｳ繝昴・繝・ +3蛟犠 [霑ｽ蜉繧､繝ｳ繝昴・繝・ +3蛟犠 [霑ｽ蜉繧､繝ｳ繝昴・繝・ +3蛟犠,2025/10/9 8:54,2025/10/10 9:55
3997,ORD-20251022-V053103705,3,2025/10/22,2025/10/22,3,0,0,3,譛ｪ蜃ｺ闕ｷ,C036,蜿門ｼ募・36,NULL,5,陬ｽ蜩√さ繝ｼ繝・ V053103705 (讀懈渊蛹ｺ蛻・ｵｱ蜷域ｸ医∩) [霑ｽ蜉繧､繝ｳ繝昴・繝・ +3蛟犠 [霑ｽ蜉繧､繝ｳ繝昴・繝・ +3蛟犠 [霑ｽ蜉繧､繝ｳ繝昴・繝・ +3蛟犠,2025/10/9 8:54,2025/10/9 17:23
4039,ORD-20251022-V053104642,4,2025/10/22,2025/10/22,72,0,0,72,譛ｪ蜃ｺ闕ｷ,C036,蜿門ｼ募・36,NULL,5,陬ｽ蜩√さ繝ｼ繝・ V053104642 (謨ｰ驥乗峩譁ｰ: 64竊・2),2025/10/9 8:54,2025/10/10 9:07
4094,ORD-20251022-V053904703,5,2025/10/22,2025/10/22,72,0,0,72,譛ｪ蜃ｺ闕ｷ,C036,蜿門ｼ募・36,NULL,5,陬ｽ蜩√さ繝ｼ繝・ V053904703 (讀懈渊蛹ｺ蛻・ｵｱ蜷域ｸ医∩) [霑ｽ蜉繧､繝ｳ繝昴・繝・ +72蛟犠 [霑ｽ蜉繧､繝ｳ繝昴・繝・ +72蛟犠 [霑ｽ蜉繧､繝ｳ繝昴・繝・ +72蛟犠,2025/10/9 8:54,2025/10/9 17:23
4150,ORD-20251022-V065103703,6,2025/10/22,2025/10/22,3,0,0,3,譛ｪ蜃ｺ闕ｷ,C036,蜿門ｼ募・36,NULL,5,陬ｽ蜩√さ繝ｼ繝・ V065103703 (謨ｰ驥乗峩譁ｰ: 6竊・),2025/10/9 8:54,2025/10/9 17:31
4199,ORD-20251022-V065104642,7,2025/10/22,2025/10/22,56,0,0,56,譛ｪ蜃ｺ闕ｷ,C036,蜿門ｼ募・36,NULL,5,陬ｽ蜩√さ繝ｼ繝・ V065104642 (讀懈渊蛹ｺ蛻・ｵｱ蜷域ｸ医∩) [霑ｽ蜉繧､繝ｳ繝昴・繝・ +56蛟犠 [霑ｽ蜉繧､繝ｳ繝昴・繝・ +56蛟犠 [霑ｽ蜉繧､繝ｳ繝昴・繝・ +56蛟犠,2025/10/9 8:54,2025/10/9 17:23
4001,ORD-20251029-V053103705,3,2025/10/29,2025/10/29,3,0,0,3,譛ｪ蜃ｺ闕ｷ,C036,蜿門ｼ募・36,NULL,5,陬ｽ蜩√さ繝ｼ繝・ V053103705 (讀懈渊蛹ｺ蛻・ｵｱ蜷域ｸ医∩) [霑ｽ蜉繧､繝ｳ繝昴・繝・ +3蛟犠 [霑ｽ蜉繧､繝ｳ繝昴・繝・ +3蛟犠 [霑ｽ蜉繧､繝ｳ繝昴・繝・ +3蛟犠,2025/10/9 8:54,2025/10/9 17:23
4002,ORD-20251030-V053103705,3,2025/10/30,2025/10/30,3,0,0,3,譛ｪ蜃ｺ闕ｷ,C036,蜿門ｼ募・36,NULL,5,陬ｽ蜩√さ繝ｼ繝・ V053103705 (讀懈渊蛹ｺ蛻・ｵｱ蜷域ｸ医∩) [霑ｽ蜉繧､繝ｳ繝昴・繝・ +3蛟犠 [霑ｽ蜉繧､繝ｳ繝昴・繝・ +3蛟犠 [霑ｽ蜉繧､繝ｳ繝昴・繝・ +3蛟犠,2025/10/9 8:54,2025/10/9 17:23
4003,ORD-20251104-V053103705,3,2025/11/4,2025/11/4,3,0,0,3,譛ｪ蜃ｺ闕ｷ,C036,蜿門ｼ募・36,NULL,5,陬ｽ蜩√さ繝ｼ繝・ V053103705 (讀懈渊蛹ｺ蛻・ｵｱ蜷域ｸ医∩) [霑ｽ蜉繧､繝ｳ繝昴・繝・ +3蛟犠 [霑ｽ蜉繧､繝ｳ繝昴・繝・ +3蛟犠 [霑ｽ蜉繧､繝ｳ繝昴・繝・ +3蛟犠,2025/10/9 8:54,2025/10/9 17:23
4004,ORD-20251106-V053103705,3,2025/11/6,2025/11/6,3,0,0,3,譛ｪ蜃ｺ闕ｷ,C036,蜿門ｼ募・36,NULL,5,陬ｽ蜩√さ繝ｼ繝・ V053103705 (讀懈渊蛹ｺ蛻・ｵｱ蜷域ｸ医∩) [霑ｽ蜉繧､繝ｳ繝昴・繝・ +3蛟犠 [霑ｽ蜉繧､繝ｳ繝昴・繝・ +3蛟犠 [霑ｽ蜉繧､繝ｳ繝昴・繝・ +3蛟犠,2025/10/9 8:54,2025/10/9 17:23
4005,ORD-20251107-V053103705,3,2025/11/7,2025/11/7,3,0,0,3,譛ｪ蜃ｺ闕ｷ,C036,蜿門ｼ募・36,NULL,5,陬ｽ蜩√さ繝ｼ繝・ V053103705 (讀懈渊蛹ｺ蛻・ｵｱ蜷域ｸ医∩) [霑ｽ蜉繧､繝ｳ繝昴・繝・ +3蛟犠 [霑ｽ蜉繧､繝ｳ繝昴・繝・ +3蛟犠 [霑ｽ蜉繧､繝ｳ繝昴・繝・ +3蛟犠,2025/10/9 8:54,2025/10/9 17:23
4006,ORD-20251110-V053103705,3,2025/11/10,2025/11/10,3,0,0,3,譛ｪ蜃ｺ闕ｷ,C036,蜿門ｼ募・36,NULL,5,陬ｽ蜩√さ繝ｼ繝・ V053103705 (讀懈渊蛹ｺ蛻・ｵｱ蜷域ｸ医∩) [霑ｽ蜉繧､繝ｳ繝昴・繝・ +3蛟犠 [霑ｽ蜉繧､繝ｳ繝昴・繝・ +3蛟犠 [霑ｽ蜉繧､繝ｳ繝昴・繝・ +3蛟犠,2025/10/9 8:54,2025/10/9 17:23
4007,ORD-20251113-V053103705,3,2025/11/13,2025/11/13,3,0,0,3,譛ｪ蜃ｺ闕ｷ,C036,蜿門ｼ募・36,NULL,5,陬ｽ蜩√さ繝ｼ繝・ V053103705 (讀懈渊蛹ｺ蛻・ｵｱ蜷域ｸ医∩) [霑ｽ蜉繧､繝ｳ繝昴・繝・ +3蛟犠 [霑ｽ蜉繧､繝ｳ繝昴・繝・ +3蛟犠 [霑ｽ蜉繧､繝ｳ繝昴・繝・ +3蛟犠,2025/10/9 8:54,2025/10/9 17:23
4008,ORD-20251114-V053103705,3,2025/11/14,2025/11/14,6,0,0,6,譛ｪ蜃ｺ闕ｷ,C036,蜿門ｼ募・36,NULL,5,陬ｽ蜩√さ繝ｼ繝・ V053103705 (讀懈渊蛹ｺ蛻・ｵｱ蜷域ｸ医∩) [霑ｽ蜉繧､繝ｳ繝昴・繝・ +6蛟犠 [霑ｽ蜉繧､繝ｳ繝昴・繝・ +6蛟犠 [霑ｽ蜉繧､繝ｳ繝昴・繝・ +6蛟犠,2025/10/9 8:54,2025/10/9 17:23
4009,ORD-20251118-V053103705,3,2025/11/18,2025/11/18,3,0,0,3,譛ｪ蜃ｺ闕ｷ,C036,蜿門ｼ募・36,NULL,5,陬ｽ蜩√さ繝ｼ繝・ V053103705 (讀懈渊蛹ｺ蛻・ｵｱ蜷域ｸ医∩) [霑ｽ蜉繧､繝ｳ繝昴・繝・ +3蛟犠 [霑ｽ蜉繧､繝ｳ繝昴・繝・ +3蛟犠 [霑ｽ蜉繧､繝ｳ繝昴・繝・ +3蛟犠,2025/10/9 8:54,2025/10/9 17:23
4010,ORD-20251119-V053103705,3,2025/11/19,2025/11/19,6,0,0,6,譛ｪ蜃ｺ闕ｷ,C036,蜿門ｼ募・36,NULL,5,陬ｽ蜩√さ繝ｼ繝・ V053103705 (讀懈渊蛹ｺ蛻・ｵｱ蜷域ｸ医∩) [霑ｽ蜉繧､繝ｳ繝昴・繝・ +6蛟犠 [霑ｽ蜉繧､繝ｳ繝昴・繝・ +6蛟犠 [霑ｽ蜉繧､繝ｳ繝昴・繝・ +6蛟犠,2025/10/9 8:54,2025/10/9 17:23
4011,ORD-20251120-V053103705,3,2025/11/20,2025/11/20,9,0,0,9,譛ｪ蜃ｺ闕ｷ,C036,蜿門ｼ募・36,NULL,5,陬ｽ蜩√さ繝ｼ繝・ V053103705 (讀懈渊蛹ｺ蛻・ｵｱ蜷域ｸ医∩) [霑ｽ蜉繧､繝ｳ繝昴・繝・ +9蛟犠 [霑ｽ蜉繧､繝ｳ繝昴・繝・ +9蛟犠 [霑ｽ蜉繧､繝ｳ繝昴・繝・ +9蛟犠,2025/10/9 8:54,2025/10/9 17:23
4012,ORD-20251125-V053103705,3,2025/11/25,2025/11/25,3,0,0,3,譛ｪ蜃ｺ闕ｷ,C036,蜿門ｼ募・36,NULL,5,陬ｽ蜩√さ繝ｼ繝・ V053103705 (讀懈渊蛹ｺ蛻・ｵｱ蜷域ｸ医∩) [霑ｽ蜉繧､繝ｳ繝昴・繝・ +3蛟犠 [霑ｽ蜉繧､繝ｳ繝昴・繝・ +3蛟犠 [霑ｽ蜉繧､繝ｳ繝昴・繝・ +3蛟犠,2025/10/9 8:54,2025/10/9 17:23
4013,ORD-20251127-V053103705,3,2025/11/27,2025/11/27,3,0,0,3,譛ｪ蜃ｺ闕ｷ,C036,蜿門ｼ募・36,NULL,5,陬ｽ蜩√さ繝ｼ繝・ V053103705 (讀懈渊蛹ｺ蛻・ｵｱ蜷域ｸ医∩) [霑ｽ蜉繧､繝ｳ繝昴・繝・ +3蛟犠 [霑ｽ蜉繧､繝ｳ繝昴・繝・ +3蛟犠 [霑ｽ蜉繧､繝ｳ繝昴・繝・ +3蛟犠,2025/10/9 8:54,2025/10/9 17:23
4014,ORD-20251201-V053103705,3,2025/12/1,2025/12/1,3,0,0,3,譛ｪ蜃ｺ闕ｷ,C036,蜿門ｼ募・36,NULL,5,陬ｽ蜩√さ繝ｼ繝・ V053103705 (讀懈渊蛹ｺ蛻・ｵｱ蜷域ｸ医∩) [霑ｽ蜉繧､繝ｳ繝昴・繝・ +3蛟犠 [霑ｽ蜉繧､繝ｳ繝昴・繝・ +3蛟犠 [霑ｽ蜉繧､繝ｳ繝昴・繝・ +3蛟犠,2025/10/9 8:54,2025/10/9 17:23
4015,ORD-20251203-V053103705,3,2025/12/3,2025/12/3,3,0,0,3,譛ｪ蜃ｺ闕ｷ,C036,蜿門ｼ募・36,NULL,5,陬ｽ蜩√さ繝ｼ繝・ V053103705 (讀懈渊蛹ｺ蛻・ｵｱ蜷域ｸ医∩) [霑ｽ蜉繧､繝ｳ繝昴・繝・ +3蛟犠 [霑ｽ蜉繧､繝ｳ繝昴・繝・ +3蛟犠 [霑ｽ蜉繧､繝ｳ繝昴・繝・ +3蛟犠,2025/10/9 8:54,2025/10/9 17:23
4016,ORD-20251205-V053103705,3,2025/12/5,2025/12/5,3,0,0,3,譛ｪ蜃ｺ闕ｷ,C036,蜿門ｼ募・36,NULL,5,陬ｽ蜩√さ繝ｼ繝・ V053103705 (讀懈渊蛹ｺ蛻・ｵｱ蜷域ｸ医∩) [霑ｽ蜉繧､繝ｳ繝昴・繝・ +3蛟犠 [霑ｽ蜉繧､繝ｳ繝昴・繝・ +3蛟犠 [霑ｽ蜉繧､繝ｳ繝昴・繝・ +3蛟犠,2025/10/9 8:54,2025/10/9 17:23
4017,ORD-20251209-V053103705,3,2025/12/9,2025/12/9,3,0,0,3,譛ｪ蜃ｺ闕ｷ,C036,蜿門ｼ募・36,NULL,5,陬ｽ蜩√さ繝ｼ繝・ V053103705 (讀懈渊蛹ｺ蛻・ｵｱ蜷域ｸ医∩) [霑ｽ蜉繧､繝ｳ繝昴・繝・ +3蛟犠 [霑ｽ蜉繧､繝ｳ繝昴・繝・ +3蛟犠 [霑ｽ蜉繧､繝ｳ繝昴・繝・ +3蛟犠,2025/10/9 8:54,2025/10/9 17:23
4018,ORD-20251210-V053103705,3,2025/12/10,2025/12/10,3,0,0,3,譛ｪ蜃ｺ闕ｷ,C036,蜿門ｼ募・36,NULL,5,陬ｽ蜩√さ繝ｼ繝・ V053103705 (讀懈渊蛹ｺ蛻・ｵｱ蜷域ｸ医∩) [霑ｽ蜉繧､繝ｳ繝昴・繝・ +3蛟犠 [霑ｽ蜉繧､繝ｳ繝昴・繝・ +3蛟犠 [霑ｽ蜉繧､繝ｳ繝昴・繝・ +3蛟犠,2025/10/9 8:54,2025/10/9 17:23
4019,ORD-20251212-V053103705,3,2025/12/12,2025/12/12,3,0,0,3,譛ｪ蜃ｺ闕ｷ,C036,蜿門ｼ募・36,NULL,5,陬ｽ蜩√さ繝ｼ繝・ V053103705 (讀懈渊蛹ｺ蛻・ｵｱ蜷域ｸ医∩) [霑ｽ蜉繧､繝ｳ繝昴・繝・ +3蛟犠 [霑ｽ蜉繧､繝ｳ繝昴・繝・ +3蛟犠 [霑ｽ蜉繧､繝ｳ繝昴・繝・ +3蛟犠,2025/10/9 8:54,2025/10/9 17:23
4020,ORD-20251215-V053103705,3,2025/12/15,2025/12/15,3,0,0,3,譛ｪ蜃ｺ闕ｷ,C036,蜿門ｼ募・36,NULL,5,陬ｽ蜩√さ繝ｼ繝・ V053103705 (讀懈渊蛹ｺ蛻・ｵｱ蜷域ｸ医∩) [霑ｽ蜉繧､繝ｳ繝昴・繝・ +3蛟犠 [霑ｽ蜉繧､繝ｳ繝昴・繝・ +3蛟犠 [霑ｽ蜉繧､繝ｳ繝昴・繝・ +3蛟犠,2025/10/9 8:54,2025/10/9 17:23
4021,ORD-20251216-V053103705,3,2025/12/16,2025/12/16,3,0,0,3,譛ｪ蜃ｺ闕ｷ,C036,蜿門ｼ募・36,NULL,5,陬ｽ蜩√さ繝ｼ繝・ V053103705 (讀懈渊蛹ｺ蛻・ｵｱ蜷域ｸ医∩) [霑ｽ蜉繧､繝ｳ繝昴・繝・ +3蛟犠 [霑ｽ蜉繧､繝ｳ繝昴・繝・ +3蛟犠 [霑ｽ蜉繧､繝ｳ繝昴・繝・ +3蛟犠,2025/10/9 8:54,2025/10/9 17:23
4022,ORD-20251218-V053103705,3,2025/12/18,2025/12/18,3,0,0,3,譛ｪ蜃ｺ闕ｷ,C036,蜿門ｼ募・36,NULL,5,陬ｽ蜩√さ繝ｼ繝・ V053103705 (讀懈渊蛹ｺ蛻・ｵｱ蜷域ｸ医∩) [霑ｽ蜉繧､繝ｳ繝昴・繝・ +3蛟犠 [霑ｽ蜉繧､繝ｳ繝昴・繝・ +3蛟犠 [霑ｽ蜉繧､繝ｳ繝昴・繝・ +3蛟犠,2025/10/9 8:54,2025/10/9 17:23
4023,ORD-20251219-V053103705,3,2025/12/19,2025/12/19,6,0,0,6,譛ｪ蜃ｺ闕ｷ,C036,蜿門ｼ募・36,NULL,5,陬ｽ蜩√さ繝ｼ繝・ V053103705 (讀懈渊蛹ｺ蛻・ｵｱ蜷域ｸ医∩) [霑ｽ蜉繧､繝ｳ繝昴・繝・ +6蛟犠 [霑ｽ蜉繧､繝ｳ繝昴・繝・ +6蛟犠 [霑ｽ蜉繧､繝ｳ繝昴・繝・ +6蛟犠,2025/10/9 8:54,2025/10/9 17:23
4024,ORD-20251222-V053103705,3,2025/12/22,2025/12/22,3,0,0,3,譛ｪ蜃ｺ闕ｷ,C036,蜿門ｼ募・36,NULL,5,陬ｽ蜩√さ繝ｼ繝・ V053103705 (讀懈渊蛹ｺ蛻・ｵｱ蜷域ｸ医∩) [霑ｽ蜉繧､繝ｳ繝昴・繝・ +3蛟犠 [霑ｽ蜉繧､繝ｳ繝昴・繝・ +3蛟犠 [霑ｽ蜉繧､繝ｳ繝昴・繝・ +3蛟犠,2025/10/9 8:54,2025/10/9 17:23
4025,ORD-20251001-V053104642,4,2025/10/1,2025/10/1,72,0,72,0,譛ｪ蜃ｺ闕ｷ,C036,蜿門ｼ募・36,NULL,5,陬ｽ蜩√さ繝ｼ繝・ V053104642 (讀懈渊蛹ｺ蛻・ｵｱ蜷域ｸ医∩) [霑ｽ蜉繧､繝ｳ繝昴・繝・ +72蛟犠 [霑ｽ蜉繧､繝ｳ繝昴・繝・ +72蛟犠 [霑ｽ蜉繧､繝ｳ繝昴・繝・ +72蛟犠,2025/10/9 8:54,2025/10/9 17:23
4026,ORD-20251002-V053104642,4,2025/10/2,2025/10/2,48,0,48,0,譛ｪ蜃ｺ闕ｷ,C036,蜿門ｼ募・36,NULL,5,陬ｽ蜩√さ繝ｼ繝・ V053104642 (讀懈渊蛹ｺ蛻・ｵｱ蜷域ｸ医∩) [霑ｽ蜉繧､繝ｳ繝昴・繝・ +48蛟犠 [霑ｽ蜉繧､繝ｳ繝昴・繝・ +48蛟犠 [霑ｽ蜉繧､繝ｳ繝昴・繝・ +48蛟犠,2025/10/9 8:54,2025/10/9 17:23
4027,ORD-20251003-V053104642,4,2025/10/3,2025/10/3,72,0,72,0,譛ｪ蜃ｺ闕ｷ,C036,蜿門ｼ募・36,NULL,5,陬ｽ蜩√さ繝ｼ繝・ V053104642 (讀懈渊蛹ｺ蛻・ｵｱ蜷域ｸ医∩) [霑ｽ蜉繧､繝ｳ繝昴・繝・ +72蛟犠 [霑ｽ蜉繧､繝ｳ繝昴・繝・ +72蛟犠 [霑ｽ蜉繧､繝ｳ繝昴・繝・ +72蛟犠,2025/10/9 8:54,2025/10/9 17:23
4028,ORD-20251006-V053104642,4,2025/10/6,2025/10/6,56,0,56,0,譛ｪ蜃ｺ闕ｷ,C036,蜿門ｼ募・36,NULL,5,陬ｽ蜩√さ繝ｼ繝・ V053104642 (讀懈渊蛹ｺ蛻・ｵｱ蜷域ｸ医∩) [霑ｽ蜉繧､繝ｳ繝昴・繝・ +56蛟犠 [霑ｽ蜉繧､繝ｳ繝昴・繝・ +56蛟犠 [霑ｽ蜉繧､繝ｳ繝昴・繝・ +56蛟犠,2025/10/9 8:54,2025/10/9 17:42
4029,ORD-20251007-V053104642,4,2025/10/7,2025/10/7,72,0,72,0,譛ｪ蜃ｺ闕ｷ,C036,蜿門ｼ募・36,NULL,5,陬ｽ蜩√さ繝ｼ繝・ V053104642 (讀懈渊蛹ｺ蛻・ｵｱ蜷域ｸ医∩) [霑ｽ蜉繧､繝ｳ繝昴・繝・ +72蛟犠 [霑ｽ蜉繧､繝ｳ繝昴・繝・ +72蛟犠 [霑ｽ蜉繧､繝ｳ繝昴・繝・ +72蛟犠,2025/10/9 8:54,2025/10/9 17:42
4030,ORD-20251008-V053104642,4,2025/10/8,2025/10/8,56,0,56,0,譛ｪ蜃ｺ闕ｷ,C036,蜿門ｼ募・36,NULL,5,陬ｽ蜩√さ繝ｼ繝・ V053104642 (讀懈渊蛹ｺ蛻・ｵｱ蜷域ｸ医∩) [霑ｽ蜉繧､繝ｳ繝昴・繝・ +56蛟犠 [霑ｽ蜉繧､繝ｳ繝昴・繝・ +56蛟犠 [霑ｽ蜉繧､繝ｳ繝昴・繝・ +56蛟犠,2025/10/9 8:54,2025/10/9 17:42
4031,ORD-20251009-V053104642,4,2025/10/9,2025/10/9,56,0,0,56,譛ｪ蜃ｺ闕ｷ,C036,蜿門ｼ募・36,NULL,5,陬ｽ蜩√さ繝ｼ繝・ V053104642 (讀懈渊蛹ｺ蛻・ｵｱ蜷域ｸ医∩) [霑ｽ蜉繧､繝ｳ繝昴・繝・ +56蛟犠 [霑ｽ蜉繧､繝ｳ繝昴・繝・ +56蛟犠 [霑ｽ蜉繧､繝ｳ繝昴・繝・ +56蛟犠,2025/10/9 8:54,2025/10/9 17:23
4032,ORD-20251010-V053104642,4,2025/10/10,2025/10/10,56,0,0,56,譛ｪ蜃ｺ闕ｷ,C036,蜿門ｼ募・36,NULL,5,陬ｽ蜩√さ繝ｼ繝・ V053104642 (讀懈渊蛹ｺ蛻・ｵｱ蜷域ｸ医∩) [霑ｽ蜉繧､繝ｳ繝昴・繝・ +56蛟犠 [霑ｽ蜉繧､繝ｳ繝昴・繝・ +56蛟犠 [霑ｽ蜉繧､繝ｳ繝昴・繝・ +56蛟犠,2025/10/9 8:54,2025/10/9 17:23
4033,ORD-20251014-V053104642,4,2025/10/14,2025/10/14,72,0,0,72,譛ｪ蜃ｺ闕ｷ,C036,蜿門ｼ募・36,NULL,5,陬ｽ蜩√さ繝ｼ繝・ V053104642 (讀懈渊蛹ｺ蛻・ｵｱ蜷域ｸ医∩) [霑ｽ蜉繧､繝ｳ繝昴・繝・ +72蛟犠 [霑ｽ蜉繧､繝ｳ繝昴・繝・ +72蛟犠 [霑ｽ蜉繧､繝ｳ繝昴・繝・ +72蛟犠,2025/10/9 8:54,2025/10/9 17:23
4034,ORD-20251015-V053104642,4,2025/10/15,2025/10/15,48,0,0,48,譛ｪ蜃ｺ闕ｷ,C036,蜿門ｼ募・36,NULL,5,陬ｽ蜩√さ繝ｼ繝・ V053104642 (讀懈渊蛹ｺ蛻・ｵｱ蜷域ｸ医∩) [霑ｽ蜉繧､繝ｳ繝昴・繝・ +48蛟犠 [霑ｽ蜉繧､繝ｳ繝昴・繝・ +48蛟犠 [霑ｽ蜉繧､繝ｳ繝昴・繝・ +48蛟犠,2025/10/9 8:54,2025/10/9 17:23
4035,ORD-20251016-V053104642,4,2025/10/16,2025/10/16,56,0,0,56,譛ｪ蜃ｺ闕ｷ,C036,蜿門ｼ募・36,NULL,5,陬ｽ蜩√さ繝ｼ繝・ V053104642 (謨ｰ驥乗峩譁ｰ: 48竊・6),2025/10/9 8:54,2025/10/10 9:55
4036,ORD-20251017-V053104642,4,2025/10/17,2025/10/17,56,0,0,56,譛ｪ蜃ｺ闕ｷ,C036,蜿門ｼ募・36,NULL,5,陬ｽ蜩√さ繝ｼ繝・ V053104642 (謨ｰ驥乗峩譁ｰ: 48竊・6),2025/10/9 8:54,2025/10/10 9:55
4037,ORD-20251020-V053104642,4,2025/10/20,2025/10/20,48,0,0,48,譛ｪ蜃ｺ闕ｷ,C036,蜿門ｼ募・36,NULL,5,陬ｽ蜩√さ繝ｼ繝・ V053104642 (謨ｰ驥乗峩譁ｰ: 56竊・8),2025/10/9 8:54,2025/10/10 9:07
4310,ORD-20251022-V065104703,8,2025/10/22,2025/10/22,54,0,0,54,譛ｪ蜃ｺ闕ｷ,C036,蜿門ｼ募・36,NULL,5,陬ｽ蜩√さ繝ｼ繝・ V065104703 (謨ｰ驥乗峩譁ｰ: 108竊・4),2025/10/9 17:23,2025/10/9 17:31
3895,ORD-20251023-V053143521,1,2025/10/23,2025/10/23,72,0,0,72,譛ｪ蜃ｺ闕ｷ,C036,蜿門ｼ募・36,NULL,5,陬ｽ蜩√さ繝ｼ繝・ V053143521 (讀懈渊蛹ｺ蛻・ｵｱ蜷域ｸ医∩) [霑ｽ蜉繧､繝ｳ繝昴・繝・ +72蛟犠 [霑ｽ蜉繧､繝ｳ繝昴・繝・ +72蛟犠 [霑ｽ蜉繧､繝ｳ繝昴・繝・ +72蛟犠,2025/10/9 8:54,2025/10/9 17:23
3949,ORD-20251023-V053143615,2,2025/10/23,2025/10/23,72,0,0,72,譛ｪ蜃ｺ闕ｷ,C036,蜿門ｼ募・36,NULL,5,陬ｽ蜩√さ繝ｼ繝・ V053143615 (讀懈渊蛹ｺ蛻・ｵｱ蜷域ｸ医∩) [霑ｽ蜉繧､繝ｳ繝昴・繝・ +72蛟犠 [霑ｽ蜉繧､繝ｳ繝昴・繝・ +72蛟犠 [霑ｽ蜉繧､繝ｳ繝昴・繝・ +72蛟犠,2025/10/9 8:54,2025/10/9 17:23
3998,ORD-20251023-V053103705,3,2025/10/23,2025/10/23,3,0,0,3,譛ｪ蜃ｺ闕ｷ,C036,蜿門ｼ募・36,NULL,5,陬ｽ蜩√さ繝ｼ繝・ V053103705 (讀懈渊蛹ｺ蛻・ｵｱ蜷域ｸ医∩) [霑ｽ蜉繧､繝ｳ繝昴・繝・ +3蛟犠 [霑ｽ蜉繧､繝ｳ繝昴・繝・ +3蛟犠 [霑ｽ蜉繧､繝ｳ繝昴・繝・ +3蛟犠,2025/10/9 8:54,2025/10/9 17:23
4040,ORD-20251023-V053104642,4,2025/10/23,2025/10/23,48,0,0,48,譛ｪ蜃ｺ闕ｷ,C036,蜿門ｼ募・36,NULL,5,陬ｽ蜩√さ繝ｼ繝・ V053104642 (謨ｰ驥乗峩譁ｰ: 56竊・8),2025/10/9 8:54,2025/10/10 9:07
4043,ORD-20251028-V053104642,4,2025/10/28,2025/10/28,56,0,0,56,譛ｪ蜃ｺ闕ｷ,C036,蜿門ｼ募・36,NULL,5,陬ｽ蜩√さ繝ｼ繝・ V053104642 (讀懈渊蛹ｺ蛻・ｵｱ蜷域ｸ医∩) [霑ｽ蜉繧､繝ｳ繝昴・繝・ +56蛟犠 [霑ｽ蜉繧､繝ｳ繝昴・繝・ +56蛟犠 [霑ｽ蜉繧､繝ｳ繝昴・繝・ +56蛟犠,2025/10/9 8:54,2025/10/9 17:23
4044,ORD-20251029-V053104642,4,2025/10/29,2025/10/29,56,0,0,56,譛ｪ蜃ｺ闕ｷ,C036,蜿門ｼ募・36,NULL,5,陬ｽ蜩√さ繝ｼ繝・ V053104642 (讀懈渊蛹ｺ蛻・ｵｱ蜷域ｸ医∩) [霑ｽ蜉繧､繝ｳ繝昴・繝・ +56蛟犠 [霑ｽ蜉繧､繝ｳ繝昴・繝・ +56蛟犠 [霑ｽ蜉繧､繝ｳ繝昴・繝・ +56蛟犠,2025/10/9 8:54,2025/10/9 17:23
4045,ORD-20251030-V053104642,4,2025/10/30,2025/10/30,56,0,0,56,譛ｪ蜃ｺ闕ｷ,C036,蜿門ｼ募・36,NULL,5,陬ｽ蜩√さ繝ｼ繝・ V053104642 (讀懈渊蛹ｺ蛻・ｵｱ蜷域ｸ医∩) [霑ｽ蜉繧､繝ｳ繝昴・繝・ +56蛟犠 [霑ｽ蜉繧､繝ｳ繝昴・繝・ +56蛟犠 [霑ｽ蜉繧､繝ｳ繝昴・繝・ +56蛟犠,2025/10/9 8:54,2025/10/9 17:23
4046,ORD-20251031-V053104642,4,2025/10/31,2025/10/31,56,0,0,56,譛ｪ蜃ｺ闕ｷ,C036,蜿門ｼ募・36,NULL,5,陬ｽ蜩√さ繝ｼ繝・ V053104642 (讀懈渊蛹ｺ蛻・ｵｱ蜷域ｸ医∩) [霑ｽ蜉繧､繝ｳ繝昴・繝・ +56蛟犠 [霑ｽ蜉繧､繝ｳ繝昴・繝・ +56蛟犠 [霑ｽ蜉繧､繝ｳ繝昴・繝・ +56蛟犠,2025/10/9 8:54,2025/10/9 17:23
4047,ORD-20251104-V053104642,4,2025/11/4,2025/11/4,56,0,0,56,譛ｪ蜃ｺ闕ｷ,C036,蜿門ｼ募・36,NULL,5,陬ｽ蜩√さ繝ｼ繝・ V053104642 (讀懈渊蛹ｺ蛻・ｵｱ蜷域ｸ医∩) [霑ｽ蜉繧､繝ｳ繝昴・繝・ +56蛟犠 [霑ｽ蜉繧､繝ｳ繝昴・繝・ +56蛟犠 [霑ｽ蜉繧､繝ｳ繝昴・繝・ +56蛟犠,2025/10/9 8:54,2025/10/9 17:23
4048,ORD-20251105-V053104642,4,2025/11/5,2025/11/5,56,0,0,56,譛ｪ蜃ｺ闕ｷ,C036,蜿門ｼ募・36,NULL,5,陬ｽ蜩√さ繝ｼ繝・ V053104642 (讀懈渊蛹ｺ蛻・ｵｱ蜷域ｸ医∩) [霑ｽ蜉繧､繝ｳ繝昴・繝・ +56蛟犠 [霑ｽ蜉繧､繝ｳ繝昴・繝・ +56蛟犠 [霑ｽ蜉繧､繝ｳ繝昴・繝・ +56蛟犠,2025/10/9 8:54,2025/10/9 17:23
4049,ORD-20251106-V053104642,4,2025/11/6,2025/11/6,56,0,0,56,譛ｪ蜃ｺ闕ｷ,C036,蜿門ｼ募・36,NULL,5,陬ｽ蜩√さ繝ｼ繝・ V053104642 (讀懈渊蛹ｺ蛻・ｵｱ蜷域ｸ医∩) [霑ｽ蜉繧､繝ｳ繝昴・繝・ +56蛟犠 [霑ｽ蜉繧､繝ｳ繝昴・繝・ +56蛟犠 [霑ｽ蜉繧､繝ｳ繝昴・繝・ +56蛟犠,2025/10/9 8:54,2025/10/9 17:23
4050,ORD-20251107-V053104642,4,2025/11/7,2025/11/7,56,0,0,56,譛ｪ蜃ｺ闕ｷ,C036,蜿門ｼ募・36,NULL,5,陬ｽ蜩√さ繝ｼ繝・ V053104642 (讀懈渊蛹ｺ蛻・ｵｱ蜷域ｸ医∩) [霑ｽ蜉繧､繝ｳ繝昴・繝・ +56蛟犠 [霑ｽ蜉繧､繝ｳ繝昴・繝・ +56蛟犠 [霑ｽ蜉繧､繝ｳ繝昴・繝・ +56蛟犠,2025/10/9 8:54,2025/10/9 17:23
4051,ORD-20251110-V053104642,4,2025/11/10,2025/11/10,56,0,0,56,譛ｪ蜃ｺ闕ｷ,C036,蜿門ｼ募・36,NULL,5,陬ｽ蜩√さ繝ｼ繝・ V053104642 (讀懈渊蛹ｺ蛻・ｵｱ蜷域ｸ医∩) [霑ｽ蜉繧､繝ｳ繝昴・繝・ +56蛟犠 [霑ｽ蜉繧､繝ｳ繝昴・繝・ +56蛟犠 [霑ｽ蜉繧､繝ｳ繝昴・繝・ +56蛟犠,2025/10/9 8:54,2025/10/9 17:23
4052,ORD-20251111-V053104642,4,2025/11/11,2025/11/11,64,0,0,64,譛ｪ蜃ｺ闕ｷ,C036,蜿門ｼ募・36,NULL,5,陬ｽ蜩√さ繝ｼ繝・ V053104642 (讀懈渊蛹ｺ蛻・ｵｱ蜷域ｸ医∩) [霑ｽ蜉繧､繝ｳ繝昴・繝・ +64蛟犠 [霑ｽ蜉繧､繝ｳ繝昴・繝・ +64蛟犠 [霑ｽ蜉繧､繝ｳ繝昴・繝・ +64蛟犠,2025/10/9 8:54,2025/10/9 17:23
4053,ORD-20251112-V053104642,4,2025/11/12,2025/11/12,56,0,0,56,譛ｪ蜃ｺ闕ｷ,C036,蜿門ｼ募・36,NULL,5,陬ｽ蜩√さ繝ｼ繝・ V053104642 (讀懈渊蛹ｺ蛻・ｵｱ蜷域ｸ医∩) [霑ｽ蜉繧､繝ｳ繝昴・繝・ +56蛟犠 [霑ｽ蜉繧､繝ｳ繝昴・繝・ +56蛟犠 [霑ｽ蜉繧､繝ｳ繝昴・繝・ +56蛟犠,2025/10/9 8:54,2025/10/9 17:23
4054,ORD-20251113-V053104642,4,2025/11/13,2025/11/13,56,0,0,56,譛ｪ蜃ｺ闕ｷ,C036,蜿門ｼ募・36,NULL,5,陬ｽ蜩√さ繝ｼ繝・ V053104642 (讀懈渊蛹ｺ蛻・ｵｱ蜷域ｸ医∩) [霑ｽ蜉繧､繝ｳ繝昴・繝・ +56蛟犠 [霑ｽ蜉繧､繝ｳ繝昴・繝・ +56蛟犠 [霑ｽ蜉繧､繝ｳ繝昴・繝・ +56蛟犠,2025/10/9 8:54,2025/10/9 17:23
4055,ORD-20251114-V053104642,4,2025/11/14,2025/11/14,64,0,0,64,譛ｪ蜃ｺ闕ｷ,C036,蜿門ｼ募・36,NULL,5,陬ｽ蜩√さ繝ｼ繝・ V053104642 (讀懈渊蛹ｺ蛻・ｵｱ蜷域ｸ医∩) [霑ｽ蜉繧､繝ｳ繝昴・繝・ +64蛟犠 [霑ｽ蜉繧､繝ｳ繝昴・繝・ +64蛟犠 [霑ｽ蜉繧､繝ｳ繝昴・繝・ +64蛟犠,2025/10/9 8:54,2025/10/9 17:23
4056,ORD-20251117-V053104642,4,2025/11/17,2025/11/17,56,0,0,56,譛ｪ蜃ｺ闕ｷ,C036,蜿門ｼ募・36,NULL,5,陬ｽ蜩√さ繝ｼ繝・ V053104642 (讀懈渊蛹ｺ蛻・ｵｱ蜷域ｸ医∩) [霑ｽ蜉繧､繝ｳ繝昴・繝・ +56蛟犠 [霑ｽ蜉繧､繝ｳ繝昴・繝・ +56蛟犠 [霑ｽ蜉繧､繝ｳ繝昴・繝・ +56蛟犠,2025/10/9 8:54,2025/10/9 17:23
4057,ORD-20251118-V053104642,4,2025/11/18,2025/11/18,64,0,0,64,譛ｪ蜃ｺ闕ｷ,C036,蜿門ｼ募・36,NULL,5,陬ｽ蜩√さ繝ｼ繝・ V053104642 (讀懈渊蛹ｺ蛻・ｵｱ蜷域ｸ医∩) [霑ｽ蜉繧､繝ｳ繝昴・繝・ +64蛟犠 [霑ｽ蜉繧､繝ｳ繝昴・繝・ +64蛟犠 [霑ｽ蜉繧､繝ｳ繝昴・繝・ +64蛟犠,2025/10/9 8:54,2025/10/9 17:23
4058,ORD-20251119-V053104642,4,2025/11/19,2025/11/19,56,0,0,56,譛ｪ蜃ｺ闕ｷ,C036,蜿門ｼ募・36,NULL,5,陬ｽ蜩√さ繝ｼ繝・ V053104642 (讀懈渊蛹ｺ蛻・ｵｱ蜷域ｸ医∩) [霑ｽ蜉繧､繝ｳ繝昴・繝・ +56蛟犠 [霑ｽ蜉繧､繝ｳ繝昴・繝・ +56蛟犠 [霑ｽ蜉繧､繝ｳ繝昴・繝・ +56蛟犠,2025/10/9 8:54,2025/10/9 17:23
4059,ORD-20251120-V053104642,4,2025/11/20,2025/11/20,80,0,0,80,譛ｪ蜃ｺ闕ｷ,C036,蜿門ｼ募・36,NULL,5,陬ｽ蜩√さ繝ｼ繝・ V053104642 (謨ｰ驥乗峩譁ｰ: 72竊・0),2025/10/9 8:54,2025/10/10 9:07
4060,ORD-20251121-V053104642,4,2025/11/21,2025/11/21,40,0,0,40,譛ｪ蜃ｺ闕ｷ,C036,蜿門ｼ募・36,NULL,5,陬ｽ蜩√さ繝ｼ繝・ V053104642 (謨ｰ驥乗峩譁ｰ: 48竊・0),2025/10/9 8:54,2025/10/10 9:07
4061,ORD-20251125-V053104642,4,2025/11/25,2025/11/25,56,0,0,56,譛ｪ蜃ｺ闕ｷ,C036,蜿門ｼ募・36,NULL,5,陬ｽ蜩√さ繝ｼ繝・ V053104642 (讀懈渊蛹ｺ蛻・ｵｱ蜷域ｸ医∩) [霑ｽ蜉繧､繝ｳ繝昴・繝・ +56蛟犠 [霑ｽ蜉繧､繝ｳ繝昴・繝・ +56蛟犠 [霑ｽ蜉繧､繝ｳ繝昴・繝・ +56蛟犠,2025/10/9 8:54,2025/10/9 17:23
4062,ORD-20251126-V053104642,4,2025/11/26,2025/11/26,56,0,0,56,譛ｪ蜃ｺ闕ｷ,C036,蜿門ｼ募・36,NULL,5,陬ｽ蜩√さ繝ｼ繝・ V053104642 (讀懈渊蛹ｺ蛻・ｵｱ蜷域ｸ医∩) [霑ｽ蜉繧､繝ｳ繝昴・繝・ +56蛟犠 [霑ｽ蜉繧､繝ｳ繝昴・繝・ +56蛟犠 [霑ｽ蜉繧､繝ｳ繝昴・繝・ +56蛟犠,2025/10/9 8:54,2025/10/9 17:23
4063,ORD-20251127-V053104642,4,2025/11/27,2025/11/27,56,0,0,56,譛ｪ蜃ｺ闕ｷ,C036,蜿門ｼ募・36,NULL,5,陬ｽ蜩√さ繝ｼ繝・ V053104642 (讀懈渊蛹ｺ蛻・ｵｱ蜷域ｸ医∩) [霑ｽ蜉繧､繝ｳ繝昴・繝・ +56蛟犠 [霑ｽ蜉繧､繝ｳ繝昴・繝・ +56蛟犠 [霑ｽ蜉繧､繝ｳ繝昴・繝・ +56蛟犠,2025/10/9 8:54,2025/10/9 17:23
4064,ORD-20251201-V053104642,4,2025/12/1,2025/12/1,56,0,0,56,譛ｪ蜃ｺ闕ｷ,C036,蜿門ｼ募・36,NULL,5,陬ｽ蜩√さ繝ｼ繝・ V053104642 (讀懈渊蛹ｺ蛻・ｵｱ蜷域ｸ医∩) [霑ｽ蜉繧､繝ｳ繝昴・繝・ +56蛟犠 [霑ｽ蜉繧､繝ｳ繝昴・繝・ +56蛟犠 [霑ｽ蜉繧､繝ｳ繝昴・繝・ +56蛟犠,2025/10/9 8:54,2025/10/9 17:23
4065,ORD-20251202-V053104642,4,2025/12/2,2025/12/2,56,0,0,56,譛ｪ蜃ｺ闕ｷ,C036,蜿門ｼ募・36,NULL,5,陬ｽ蜩√さ繝ｼ繝・ V053104642 (謨ｰ驥乗峩譁ｰ: 50竊・6),2025/10/9 8:54,2025/10/10 9:07
4066,ORD-20251203-V053104642,4,2025/12/3,2025/12/3,56,0,0,56,譛ｪ蜃ｺ闕ｷ,C036,蜿門ｼ募・36,NULL,5,陬ｽ蜩√さ繝ｼ繝・ V053104642 (讀懈渊蛹ｺ蛻・ｵｱ蜷域ｸ医∩) [霑ｽ蜉繧､繝ｳ繝昴・繝・ +56蛟犠 [霑ｽ蜉繧､繝ｳ繝昴・繝・ +56蛟犠 [霑ｽ蜉繧､繝ｳ繝昴・繝・ +56蛟犠,2025/10/9 8:54,2025/10/9 17:23
4067,ORD-20251204-V053104642,4,2025/12/4,2025/12/4,56,0,0,56,譛ｪ蜃ｺ闕ｷ,C036,蜿門ｼ募・36,NULL,5,陬ｽ蜩√さ繝ｼ繝・ V053104642 (讀懈渊蛹ｺ蛻・ｵｱ蜷域ｸ医∩) [霑ｽ蜉繧､繝ｳ繝昴・繝・ +56蛟犠 [霑ｽ蜉繧､繝ｳ繝昴・繝・ +56蛟犠 [霑ｽ蜉繧､繝ｳ繝昴・繝・ +56蛟犠,2025/10/9 8:54,2025/10/9 17:23
4068,ORD-20251205-V053104642,4,2025/12/5,2025/12/5,56,0,0,56,譛ｪ蜃ｺ闕ｷ,C036,蜿門ｼ募・36,NULL,5,陬ｽ蜩√さ繝ｼ繝・ V053104642 (讀懈渊蛹ｺ蛻・ｵｱ蜷域ｸ医∩) [霑ｽ蜉繧､繝ｳ繝昴・繝・ +56蛟犠 [霑ｽ蜉繧､繝ｳ繝昴・繝・ +56蛟犠 [霑ｽ蜉繧､繝ｳ繝昴・繝・ +56蛟犠,2025/10/9 8:54,2025/10/9 17:23
4069,ORD-20251208-V053104642,4,2025/12/8,2025/12/8,56,0,0,56,譛ｪ蜃ｺ闕ｷ,C036,蜿門ｼ募・36,NULL,5,陬ｽ蜩√さ繝ｼ繝・ V053104642 (讀懈渊蛹ｺ蛻・ｵｱ蜷域ｸ医∩) [霑ｽ蜉繧､繝ｳ繝昴・繝・ +56蛟犠 [霑ｽ蜉繧､繝ｳ繝昴・繝・ +56蛟犠 [霑ｽ蜉繧､繝ｳ繝昴・繝・ +56蛟犠,2025/10/9 8:54,2025/10/9 17:23
4070,ORD-20251209-V053104642,4,2025/12/9,2025/12/9,56,0,0,56,譛ｪ蜃ｺ闕ｷ,C036,蜿門ｼ募・36,NULL,5,陬ｽ蜩√さ繝ｼ繝・ V053104642 (讀懈渊蛹ｺ蛻・ｵｱ蜷域ｸ医∩) [霑ｽ蜉繧､繝ｳ繝昴・繝・ +56蛟犠 [霑ｽ蜉繧､繝ｳ繝昴・繝・ +56蛟犠 [霑ｽ蜉繧､繝ｳ繝昴・繝・ +56蛟犠,2025/10/9 8:54,2025/10/9 17:23
4071,ORD-20251210-V053104642,4,2025/12/10,2025/12/10,56,0,0,56,譛ｪ蜃ｺ闕ｷ,C036,蜿門ｼ募・36,NULL,5,陬ｽ蜩√さ繝ｼ繝・ V053104642 (讀懈渊蛹ｺ蛻・ｵｱ蜷域ｸ医∩) [霑ｽ蜉繧､繝ｳ繝昴・繝・ +56蛟犠 [霑ｽ蜉繧､繝ｳ繝昴・繝・ +56蛟犠 [霑ｽ蜉繧､繝ｳ繝昴・繝・ +56蛟犠,2025/10/9 8:54,2025/10/9 17:23
4072,ORD-20251211-V053104642,4,2025/12/11,2025/12/11,56,0,0,56,譛ｪ蜃ｺ闕ｷ,C036,蜿門ｼ募・36,NULL,5,陬ｽ蜩√さ繝ｼ繝・ V053104642 (讀懈渊蛹ｺ蛻・ｵｱ蜷域ｸ医∩) [霑ｽ蜉繧､繝ｳ繝昴・繝・ +56蛟犠 [霑ｽ蜉繧､繝ｳ繝昴・繝・ +56蛟犠 [霑ｽ蜉繧､繝ｳ繝昴・繝・ +56蛟犠,2025/10/9 8:54,2025/10/9 17:23
4073,ORD-20251212-V053104642,4,2025/12/12,2025/12/12,56,0,0,56,譛ｪ蜃ｺ闕ｷ,C036,蜿門ｼ募・36,NULL,5,陬ｽ蜩√さ繝ｼ繝・ V053104642 (讀懈渊蛹ｺ蛻・ｵｱ蜷域ｸ医∩) [霑ｽ蜉繧､繝ｳ繝昴・繝・ +56蛟犠 [霑ｽ蜉繧､繝ｳ繝昴・繝・ +56蛟犠 [霑ｽ蜉繧､繝ｳ繝昴・繝・ +56蛟犠,2025/10/9 8:54,2025/10/9 17:23
4074,ORD-20251215-V053104642,4,2025/12/15,2025/12/15,48,0,0,48,譛ｪ蜃ｺ闕ｷ,C036,蜿門ｼ募・36,NULL,5,陬ｽ蜩√さ繝ｼ繝・ V053104642 (讀懈渊蛹ｺ蛻・ｵｱ蜷域ｸ医∩) [霑ｽ蜉繧､繝ｳ繝昴・繝・ +48蛟犠 [霑ｽ蜉繧､繝ｳ繝昴・繝・ +48蛟犠 [霑ｽ蜉繧､繝ｳ繝昴・繝・ +48蛟犠,2025/10/9 8:54,2025/10/9 17:23
4075,ORD-20251216-V053104642,4,2025/12/16,2025/12/16,56,0,0,56,譛ｪ蜃ｺ闕ｷ,C036,蜿門ｼ募・36,NULL,5,陬ｽ蜩√さ繝ｼ繝・ V053104642 (讀懈渊蛹ｺ蛻・ｵｱ蜷域ｸ医∩) [霑ｽ蜉繧､繝ｳ繝昴・繝・ +56蛟犠 [霑ｽ蜉繧､繝ｳ繝昴・繝・ +56蛟犠 [霑ｽ蜉繧､繝ｳ繝昴・繝・ +56蛟犠,2025/10/9 8:54,2025/10/9 17:23
4076,ORD-20251217-V053104642,4,2025/12/17,2025/12/17,56,0,0,56,譛ｪ蜃ｺ闕ｷ,C036,蜿門ｼ募・36,NULL,5,陬ｽ蜩√さ繝ｼ繝・ V053104642 (讀懈渊蛹ｺ蛻・ｵｱ蜷域ｸ医∩) [霑ｽ蜉繧､繝ｳ繝昴・繝・ +56蛟犠 [霑ｽ蜉繧､繝ｳ繝昴・繝・ +56蛟犠 [霑ｽ蜉繧､繝ｳ繝昴・繝・ +56蛟犠,2025/10/9 8:54,2025/10/9 17:23
4077,ORD-20251218-V053104642,4,2025/12/18,2025/12/18,56,0,0,56,譛ｪ蜃ｺ闕ｷ,C036,蜿門ｼ募・36,NULL,5,陬ｽ蜩√さ繝ｼ繝・ V053104642 (讀懈渊蛹ｺ蛻・ｵｱ蜷域ｸ医∩) [霑ｽ蜉繧､繝ｳ繝昴・繝・ +56蛟犠 [霑ｽ蜉繧､繝ｳ繝昴・繝・ +56蛟犠 [霑ｽ蜉繧､繝ｳ繝昴・繝・ +56蛟犠,2025/10/9 8:54,2025/10/9 17:23
4078,ORD-20251219-V053104642,4,2025/12/19,2025/12/19,48,0,0,48,譛ｪ蜃ｺ闕ｷ,C036,蜿門ｼ募・36,NULL,5,陬ｽ蜩√さ繝ｼ繝・ V053104642 (讀懈渊蛹ｺ蛻・ｵｱ蜷域ｸ医∩) [霑ｽ蜉繧､繝ｳ繝昴・繝・ +48蛟犠 [霑ｽ蜉繧､繝ｳ繝昴・繝・ +48蛟犠 [霑ｽ蜉繧､繝ｳ繝昴・繝・ +48蛟犠,2025/10/9 8:54,2025/10/9 17:23
4079,ORD-20251222-V053104642,4,2025/12/22,2025/12/22,72,0,0,72,譛ｪ蜃ｺ闕ｷ,C036,蜿門ｼ募・36,NULL,5,陬ｽ蜩√さ繝ｼ繝・ V053104642 (讀懈渊蛹ｺ蛻・ｵｱ蜷域ｸ医∩) [霑ｽ蜉繧､繝ｳ繝昴・繝・ +72蛟犠 [霑ｽ蜉繧､繝ｳ繝昴・繝・ +72蛟犠 [霑ｽ蜉繧､繝ｳ繝昴・繝・ +72蛟犠,2025/10/9 8:54,2025/10/9 17:23
4080,ORD-20251001-V053904703,5,2025/10/1,2025/10/1,69,0,69,0,譛ｪ蜃ｺ闕ｷ,C036,蜿門ｼ募・36,NULL,5,陬ｽ蜩√さ繝ｼ繝・ V053904703 (讀懈渊蛹ｺ蛻・ｵｱ蜷域ｸ医∩) [霑ｽ蜉繧､繝ｳ繝昴・繝・ +69蛟犠 [霑ｽ蜉繧､繝ｳ繝昴・繝・ +69蛟犠 [霑ｽ蜉繧､繝ｳ繝昴・繝・ +69蛟犠,2025/10/9 8:54,2025/10/9 17:23
4081,ORD-20251002-V053904703,5,2025/10/2,2025/10/2,72,0,72,0,譛ｪ蜃ｺ闕ｷ,C036,蜿門ｼ募・36,NULL,5,陬ｽ蜩√さ繝ｼ繝・ V053904703 (讀懈渊蛹ｺ蛻・ｵｱ蜷域ｸ医∩) [霑ｽ蜉繧､繝ｳ繝昴・繝・ +72蛟犠 [霑ｽ蜉繧､繝ｳ繝昴・繝・ +72蛟犠 [霑ｽ蜉繧､繝ｳ繝昴・繝・ +72蛟犠,2025/10/9 8:54,2025/10/9 17:23
4082,ORD-20251003-V053904703,5,2025/10/3,2025/10/3,54,0,54,0,譛ｪ蜃ｺ闕ｷ,C036,蜿門ｼ募・36,NULL,5,陬ｽ蜩√さ繝ｼ繝・ V053904703 (讀懈渊蛹ｺ蛻・ｵｱ蜷域ｸ医∩) [霑ｽ蜉繧､繝ｳ繝昴・繝・ +54蛟犠 [霑ｽ蜉繧､繝ｳ繝昴・繝・ +54蛟犠 [霑ｽ蜉繧､繝ｳ繝昴・繝・ +54蛟犠,2025/10/9 8:54,2025/10/9 17:23
4083,ORD-20251006-V053904703,5,2025/10/6,2025/10/6,72,0,72,0,譛ｪ蜃ｺ闕ｷ,C036,蜿門ｼ募・36,NULL,5,陬ｽ蜩√さ繝ｼ繝・ V053904703 (讀懈渊蛹ｺ蛻・ｵｱ蜷域ｸ医∩) [霑ｽ蜉繧､繝ｳ繝昴・繝・ +72蛟犠 [霑ｽ蜉繧､繝ｳ繝昴・繝・ +72蛟犠 [霑ｽ蜉繧､繝ｳ繝昴・繝・ +72蛟犠,2025/10/9 8:54,2025/10/9 17:43
4084,ORD-20251007-V053904703,5,2025/10/7,2025/10/7,54,0,54,0,譛ｪ蜃ｺ闕ｷ,C036,蜿門ｼ募・36,NULL,5,陬ｽ蜩√さ繝ｼ繝・ V053904703 (讀懈渊蛹ｺ蛻・ｵｱ蜷域ｸ医∩) [霑ｽ蜉繧､繝ｳ繝昴・繝・ +54蛟犠 [霑ｽ蜉繧､繝ｳ繝昴・繝・ +54蛟犠 [霑ｽ蜉繧､繝ｳ繝昴・繝・ +54蛟犠,2025/10/9 8:54,2025/10/9 17:43
4085,ORD-20251008-V053904703,5,2025/10/8,2025/10/8,69,0,69,0,譛ｪ蜃ｺ闕ｷ,C036,蜿門ｼ募・36,NULL,5,陬ｽ蜩√さ繝ｼ繝・ V053904703 (讀懈渊蛹ｺ蛻・ｵｱ蜷域ｸ医∩) [霑ｽ蜉繧､繝ｳ繝昴・繝・ +69蛟犠 [霑ｽ蜉繧､繝ｳ繝昴・繝・ +69蛟犠 [霑ｽ蜉繧､繝ｳ繝昴・繝・ +69蛟犠,2025/10/9 8:54,2025/10/9 17:43
4086,ORD-20251009-V053904703,5,2025/10/9,2025/10/9,57,0,0,57,譛ｪ蜃ｺ闕ｷ,C036,蜿門ｼ募・36,NULL,5,陬ｽ蜩√さ繝ｼ繝・ V053904703 (讀懈渊蛹ｺ蛻・ｵｱ蜷域ｸ医∩) [霑ｽ蜉繧､繝ｳ繝昴・繝・ +57蛟犠 [霑ｽ蜉繧､繝ｳ繝昴・繝・ +57蛟犠 [霑ｽ蜉繧､繝ｳ繝昴・繝・ +57蛟犠,2025/10/9 8:54,2025/10/10 9:55
4087,ORD-20251010-V053904703,5,2025/10/10,2025/10/10,57,0,0,57,譛ｪ蜃ｺ闕ｷ,C036,蜿門ｼ募・36,NULL,5,陬ｽ蜩√さ繝ｼ繝・ V053904703 (讀懈渊蛹ｺ蛻・ｵｱ蜷域ｸ医∩) [霑ｽ蜉繧､繝ｳ繝昴・繝・ +57蛟犠 [霑ｽ蜉繧､繝ｳ繝昴・繝・ +57蛟犠 [霑ｽ蜉繧､繝ｳ繝昴・繝・ +57蛟犠,2025/10/9 8:54,2025/10/10 9:55
4088,ORD-20251014-V053904703,5,2025/10/14,2025/10/14,60,0,0,60,譛ｪ蜃ｺ闕ｷ,C036,蜿門ｼ募・36,NULL,5,陬ｽ蜩√さ繝ｼ繝・ V053904703 (讀懈渊蛹ｺ蛻・ｵｱ蜷域ｸ医∩) [霑ｽ蜉繧､繝ｳ繝昴・繝・ +60蛟犠 [霑ｽ蜉繧､繝ｳ繝昴・繝・ +60蛟犠 [霑ｽ蜉繧､繝ｳ繝昴・繝・ +60蛟犠,2025/10/9 8:54,2025/10/10 9:55
4089,ORD-20251015-V053904703,5,2025/10/15,2025/10/15,69,0,0,69,譛ｪ蜃ｺ闕ｷ,C036,蜿門ｼ募・36,NULL,5,陬ｽ蜩√さ繝ｼ繝・ V053904703 (讀懈渊蛹ｺ蛻・ｵｱ蜷域ｸ医∩) [霑ｽ蜉繧､繝ｳ繝昴・繝・ +69蛟犠 [霑ｽ蜉繧､繝ｳ繝昴・繝・ +69蛟犠 [霑ｽ蜉繧､繝ｳ繝昴・繝・ +69蛟犠,2025/10/9 8:54,2025/10/10 9:55
4090,ORD-20251016-V053904703,5,2025/10/16,2025/10/16,45,0,0,45,譛ｪ蜃ｺ闕ｷ,C036,蜿門ｼ募・36,NULL,5,陬ｽ蜩√さ繝ｼ繝・ V053904703 (讀懈渊蛹ｺ蛻・ｵｱ蜷域ｸ医∩) [霑ｽ蜉繧､繝ｳ繝昴・繝・ +45蛟犠 [霑ｽ蜉繧､繝ｳ繝昴・繝・ +45蛟犠 [霑ｽ蜉繧､繝ｳ繝昴・繝・ +45蛟犠,2025/10/9 8:54,2025/10/10 9:55
4091,ORD-20251017-V053904703,5,2025/10/17,2025/10/17,57,0,0,57,譛ｪ蜃ｺ闕ｷ,C036,蜿門ｼ募・36,NULL,5,陬ｽ蜩√さ繝ｼ繝・ V053904703 (讀懈渊蛹ｺ蛻・ｵｱ蜷域ｸ医∩) [霑ｽ蜉繧､繝ｳ繝昴・繝・ +57蛟犠 [霑ｽ蜉繧､繝ｳ繝昴・繝・ +57蛟犠 [霑ｽ蜉繧､繝ｳ繝昴・繝・ +57蛟犠,2025/10/9 8:54,2025/10/10 9:55
4092,ORD-20251020-V053904703,5,2025/10/20,2025/10/20,54,0,0,54,譛ｪ蜃ｺ闕ｷ,C036,蜿門ｼ募・36,NULL,5,陬ｽ蜩√さ繝ｼ繝・ V053904703 (讀懈渊蛹ｺ蛻・ｵｱ蜷域ｸ医∩) [霑ｽ蜉繧､繝ｳ繝昴・繝・ +54蛟犠 [霑ｽ蜉繧､繝ｳ繝昴・繝・ +54蛟犠 [霑ｽ蜉繧､繝ｳ繝昴・繝・ +54蛟犠,2025/10/9 8:54,2025/10/9 17:23
4095,ORD-20251023-V053904703,5,2025/10/23,2025/10/23,69,0,0,69,譛ｪ蜃ｺ闕ｷ,C036,蜿門ｼ募・36,NULL,5,陬ｽ蜩√さ繝ｼ繝・ V053904703 (讀懈渊蛹ｺ蛻・ｵｱ蜷域ｸ医∩) [霑ｽ蜉繧､繝ｳ繝昴・繝・ +69蛟犠 [霑ｽ蜉繧､繝ｳ繝昴・繝・ +69蛟犠 [霑ｽ蜉繧､繝ｳ繝昴・繝・ +69蛟犠,2025/10/9 8:54,2025/10/9 17:23
4151,ORD-20251023-V065103703,6,2025/10/23,2025/10/23,3,0,0,3,譛ｪ蜃ｺ闕ｷ,C036,蜿門ｼ募・36,NULL,5,陬ｽ蜩√さ繝ｼ繝・ V065103703 (謨ｰ驥乗峩譁ｰ: 6竊・),2025/10/9 8:54,2025/10/9 17:31
4200,ORD-20251023-V065104642,7,2025/10/23,2025/10/23,40,0,0,40,譛ｪ蜃ｺ闕ｷ,C036,蜿門ｼ募・36,NULL,5,陬ｽ蜩√さ繝ｼ繝・ V065104642 (讀懈渊蛹ｺ蛻・ｵｱ蜷域ｸ医∩) [霑ｽ蜉繧､繝ｳ繝昴・繝・ +40蛟犠 [霑ｽ蜉繧､繝ｳ繝昴・繝・ +40蛟犠 [霑ｽ蜉繧､繝ｳ繝昴・繝・ +40蛟犠,2025/10/9 8:54,2025/10/9 17:23
4311,ORD-20251023-V065104703,8,2025/10/23,2025/10/23,54,0,0,54,譛ｪ蜃ｺ闕ｷ,C036,蜿門ｼ募・36,NULL,5,陬ｽ蜩√さ繝ｼ繝・ V065104703 (謨ｰ驥乗峩譁ｰ: 108竊・4),2025/10/9 17:23,2025/10/9 17:31
3896,ORD-20251024-V053143521,1,2025/10/24,2025/10/24,64,0,0,64,譛ｪ蜃ｺ闕ｷ,C036,蜿門ｼ募・36,NULL,5,陬ｽ蜩√さ繝ｼ繝・ V053143521 (讀懈渊蛹ｺ蛻・ｵｱ蜷域ｸ医∩) [霑ｽ蜉繧､繝ｳ繝昴・繝・ +64蛟犠 [霑ｽ蜉繧､繝ｳ繝昴・繝・ +64蛟犠 [霑ｽ蜉繧､繝ｳ繝昴・繝・ +64蛟犠,2025/10/9 8:54,2025/10/9 17:23
4098,ORD-20251028-V053904703,5,2025/10/28,2025/10/28,54,0,0,54,譛ｪ蜃ｺ闕ｷ,C036,蜿門ｼ募・36,NULL,5,陬ｽ蜩√さ繝ｼ繝・ V053904703 (讀懈渊蛹ｺ蛻・ｵｱ蜷域ｸ医∩) [霑ｽ蜉繧､繝ｳ繝昴・繝・ +54蛟犠 [霑ｽ蜉繧､繝ｳ繝昴・繝・ +54蛟犠 [霑ｽ蜉繧､繝ｳ繝昴・繝・ +54蛟犠,2025/10/9 8:54,2025/10/9 17:23
4099,ORD-20251029-V053904703,5,2025/10/29,2025/10/29,54,0,0,54,譛ｪ蜃ｺ闕ｷ,C036,蜿門ｼ募・36,NULL,5,陬ｽ蜩√さ繝ｼ繝・ V053904703 (讀懈渊蛹ｺ蛻・ｵｱ蜷域ｸ医∩) [霑ｽ蜉繧､繝ｳ繝昴・繝・ +54蛟犠 [霑ｽ蜉繧､繝ｳ繝昴・繝・ +54蛟犠 [霑ｽ蜉繧､繝ｳ繝昴・繝・ +54蛟犠,2025/10/9 8:54,2025/10/9 17:23
4100,ORD-20251030-V053904703,5,2025/10/30,2025/10/30,57,0,0,57,譛ｪ蜃ｺ闕ｷ,C036,蜿門ｼ募・36,NULL,5,陬ｽ蜩√さ繝ｼ繝・ V053904703 (讀懈渊蛹ｺ蛻・ｵｱ蜷域ｸ医∩) [霑ｽ蜉繧､繝ｳ繝昴・繝・ +57蛟犠 [霑ｽ蜉繧､繝ｳ繝昴・繝・ +57蛟犠 [霑ｽ蜉繧､繝ｳ繝昴・繝・ +57蛟犠,2025/10/9 8:54,2025/10/9 17:23
4101,ORD-20251031-V053904703,5,2025/10/31,2025/10/31,57,0,0,57,譛ｪ蜃ｺ闕ｷ,C036,蜿門ｼ募・36,NULL,5,陬ｽ蜩√さ繝ｼ繝・ V053904703 (讀懈渊蛹ｺ蛻・ｵｱ蜷域ｸ医∩) [霑ｽ蜉繧､繝ｳ繝昴・繝・ +57蛟犠 [霑ｽ蜉繧､繝ｳ繝昴・繝・ +57蛟犠 [霑ｽ蜉繧､繝ｳ繝昴・繝・ +57蛟犠,2025/10/9 8:54,2025/10/9 17:23
4102,ORD-20251104-V053904703,5,2025/11/4,2025/11/4,57,0,0,57,譛ｪ蜃ｺ闕ｷ,C036,蜿門ｼ募・36,NULL,5,陬ｽ蜩√さ繝ｼ繝・ V053904703 (讀懈渊蛹ｺ蛻・ｵｱ蜷域ｸ医∩) [霑ｽ蜉繧､繝ｳ繝昴・繝・ +57蛟犠 [霑ｽ蜉繧､繝ｳ繝昴・繝・ +57蛟犠 [霑ｽ蜉繧､繝ｳ繝昴・繝・ +57蛟犠,2025/10/9 8:54,2025/10/9 17:23
4103,ORD-20251105-V053904703,5,2025/11/5,2025/11/5,54,0,0,54,譛ｪ蜃ｺ闕ｷ,C036,蜿門ｼ募・36,NULL,5,陬ｽ蜩√さ繝ｼ繝・ V053904703 (讀懈渊蛹ｺ蛻・ｵｱ蜷域ｸ医∩) [霑ｽ蜉繧､繝ｳ繝昴・繝・ +54蛟犠 [霑ｽ蜉繧､繝ｳ繝昴・繝・ +54蛟犠 [霑ｽ蜉繧､繝ｳ繝昴・繝・ +54蛟犠,2025/10/9 8:54,2025/10/9 17:23
4104,ORD-20251106-V053904703,5,2025/11/6,2025/11/6,57,0,0,57,譛ｪ蜃ｺ闕ｷ,C036,蜿門ｼ募・36,NULL,5,陬ｽ蜩√さ繝ｼ繝・ V053904703 (讀懈渊蛹ｺ蛻・ｵｱ蜷域ｸ医∩) [霑ｽ蜉繧､繝ｳ繝昴・繝・ +57蛟犠 [霑ｽ蜉繧､繝ｳ繝昴・繝・ +57蛟犠 [霑ｽ蜉繧､繝ｳ繝昴・繝・ +57蛟犠,2025/10/9 8:54,2025/10/9 17:23
4105,ORD-20251107-V053904703,5,2025/11/7,2025/11/7,57,0,0,57,譛ｪ蜃ｺ闕ｷ,C036,蜿門ｼ募・36,NULL,5,陬ｽ蜩√さ繝ｼ繝・ V053904703 (讀懈渊蛹ｺ蛻・ｵｱ蜷域ｸ医∩) [霑ｽ蜉繧､繝ｳ繝昴・繝・ +57蛟犠 [霑ｽ蜉繧､繝ｳ繝昴・繝・ +57蛟犠 [霑ｽ蜉繧､繝ｳ繝昴・繝・ +57蛟犠,2025/10/9 8:54,2025/10/9 17:23
4106,ORD-20251110-V053904703,5,2025/11/10,2025/11/10,54,0,0,54,譛ｪ蜃ｺ闕ｷ,C036,蜿門ｼ募・36,NULL,5,陬ｽ蜩√さ繝ｼ繝・ V053904703 (讀懈渊蛹ｺ蛻・ｵｱ蜷域ｸ医∩) [霑ｽ蜉繧､繝ｳ繝昴・繝・ +54蛟犠 [霑ｽ蜉繧､繝ｳ繝昴・繝・ +54蛟犠 [霑ｽ蜉繧､繝ｳ繝昴・繝・ +54蛟犠,2025/10/9 8:54,2025/10/9 17:23
4107,ORD-20251111-V053904703,5,2025/11/11,2025/11/11,57,0,0,57,譛ｪ蜃ｺ闕ｷ,C036,蜿門ｼ募・36,NULL,5,陬ｽ蜩√さ繝ｼ繝・ V053904703 (讀懈渊蛹ｺ蛻・ｵｱ蜷域ｸ医∩) [霑ｽ蜉繧､繝ｳ繝昴・繝・ +57蛟犠 [霑ｽ蜉繧､繝ｳ繝昴・繝・ +57蛟犠 [霑ｽ蜉繧､繝ｳ繝昴・繝・ +57蛟犠,2025/10/9 8:54,2025/10/9 17:23
4108,ORD-20251112-V053904703,5,2025/11/12,2025/11/12,60,0,0,60,譛ｪ蜃ｺ闕ｷ,C036,蜿門ｼ募・36,NULL,5,陬ｽ蜩√さ繝ｼ繝・ V053904703 (讀懈渊蛹ｺ蛻・ｵｱ蜷域ｸ医∩) [霑ｽ蜉繧､繝ｳ繝昴・繝・ +60蛟犠 [霑ｽ蜉繧､繝ｳ繝昴・繝・ +60蛟犠 [霑ｽ蜉繧､繝ｳ繝昴・繝・ +60蛟犠,2025/10/9 8:54,2025/10/9 17:23
4109,ORD-20251113-V053904703,5,2025/11/13,2025/11/13,57,0,0,57,譛ｪ蜃ｺ闕ｷ,C036,蜿門ｼ募・36,NULL,5,陬ｽ蜩√さ繝ｼ繝・ V053904703 (讀懈渊蛹ｺ蛻・ｵｱ蜷域ｸ医∩) [霑ｽ蜉繧､繝ｳ繝昴・繝・ +57蛟犠 [霑ｽ蜉繧､繝ｳ繝昴・繝・ +57蛟犠 [霑ｽ蜉繧､繝ｳ繝昴・繝・ +57蛟犠,2025/10/9 8:54,2025/10/9 17:23
4110,ORD-20251114-V053904703,5,2025/11/14,2025/11/14,54,0,0,54,譛ｪ蜃ｺ闕ｷ,C036,蜿門ｼ募・36,NULL,5,陬ｽ蜩√さ繝ｼ繝・ V053904703 (讀懈渊蛹ｺ蛻・ｵｱ蜷域ｸ医∩) [霑ｽ蜉繧､繝ｳ繝昴・繝・ +54蛟犠 [霑ｽ蜉繧､繝ｳ繝昴・繝・ +54蛟犠 [霑ｽ蜉繧､繝ｳ繝昴・繝・ +54蛟犠,2025/10/9 8:54,2025/10/9 17:23
4111,ORD-20251117-V053904703,5,2025/11/17,2025/11/17,63,0,0,63,譛ｪ蜃ｺ闕ｷ,C036,蜿門ｼ募・36,NULL,5,陬ｽ蜩√さ繝ｼ繝・ V053904703 (讀懈渊蛹ｺ蛻・ｵｱ蜷域ｸ医∩) [霑ｽ蜉繧､繝ｳ繝昴・繝・ +63蛟犠 [霑ｽ蜉繧､繝ｳ繝昴・繝・ +63蛟犠 [霑ｽ蜉繧､繝ｳ繝昴・繝・ +63蛟犠,2025/10/9 8:54,2025/10/9 17:23
4112,ORD-20251118-V053904703,5,2025/11/18,2025/11/18,60,0,0,60,譛ｪ蜃ｺ闕ｷ,C036,蜿門ｼ募・36,NULL,5,陬ｽ蜩√さ繝ｼ繝・ V053904703 (讀懈渊蛹ｺ蛻・ｵｱ蜷域ｸ医∩) [霑ｽ蜉繧､繝ｳ繝昴・繝・ +60蛟犠 [霑ｽ蜉繧､繝ｳ繝昴・繝・ +60蛟犠 [霑ｽ蜉繧､繝ｳ繝昴・繝・ +60蛟犠,2025/10/9 8:54,2025/10/9 17:23
4113,ORD-20251119-V053904703,5,2025/11/19,2025/11/19,63,0,0,63,譛ｪ蜃ｺ闕ｷ,C036,蜿門ｼ募・36,NULL,5,陬ｽ蜩√さ繝ｼ繝・ V053904703 (讀懈渊蛹ｺ蛻・ｵｱ蜷域ｸ医∩) [霑ｽ蜉繧､繝ｳ繝昴・繝・ +63蛟犠 [霑ｽ蜉繧､繝ｳ繝昴・繝・ +63蛟犠 [霑ｽ蜉繧､繝ｳ繝昴・繝・ +63蛟犠,2025/10/9 8:54,2025/10/9 17:23
4114,ORD-20251120-V053904703,5,2025/11/20,2025/11/20,60,0,0,60,譛ｪ蜃ｺ闕ｷ,C036,蜿門ｼ募・36,NULL,5,陬ｽ蜩√さ繝ｼ繝・ V053904703 (讀懈渊蛹ｺ蛻・ｵｱ蜷域ｸ医∩) [霑ｽ蜉繧､繝ｳ繝昴・繝・ +60蛟犠 [霑ｽ蜉繧､繝ｳ繝昴・繝・ +60蛟犠 [霑ｽ蜉繧､繝ｳ繝昴・繝・ +60蛟犠,2025/10/9 8:54,2025/10/9 17:23
4115,ORD-20251121-V053904703,5,2025/11/21,2025/11/21,72,0,0,72,譛ｪ蜃ｺ闕ｷ,C036,蜿門ｼ募・36,NULL,5,陬ｽ蜩√さ繝ｼ繝・ V053904703 (讀懈渊蛹ｺ蛻・ｵｱ蜷域ｸ医∩) [霑ｽ蜉繧､繝ｳ繝昴・繝・ +72蛟犠 [霑ｽ蜉繧､繝ｳ繝昴・繝・ +72蛟犠 [霑ｽ蜉繧､繝ｳ繝昴・繝・ +72蛟犠,2025/10/9 8:54,2025/10/9 17:23
4116,ORD-20251124-V053904703,5,2025/11/24,2025/11/24,45,0,0,45,譛ｪ蜃ｺ闕ｷ,C036,蜿門ｼ募・36,NULL,5,陬ｽ蜩√さ繝ｼ繝・ V053904703 (讀懈渊蛹ｺ蛻・ｵｱ蜷域ｸ医∩) [霑ｽ蜉繧､繝ｳ繝昴・繝・ +45蛟犠 [霑ｽ蜉繧､繝ｳ繝昴・繝・ +45蛟犠 [霑ｽ蜉繧､繝ｳ繝昴・繝・ +45蛟犠,2025/10/9 8:54,2025/10/9 17:23
4117,ORD-20251126-V053904703,5,2025/11/26,2025/11/26,54,0,0,54,譛ｪ蜃ｺ闕ｷ,C036,蜿門ｼ募・36,NULL,5,陬ｽ蜩√さ繝ｼ繝・ V053904703 (讀懈渊蛹ｺ蛻・ｵｱ蜷域ｸ医∩) [霑ｽ蜉繧､繝ｳ繝昴・繝・ +54蛟犠 [霑ｽ蜉繧､繝ｳ繝昴・繝・ +54蛟犠 [霑ｽ蜉繧､繝ｳ繝昴・繝・ +54蛟犠,2025/10/9 8:54,2025/10/9 17:23
4118,ORD-20251127-V053904703,5,2025/11/27,2025/11/27,57,0,0,57,譛ｪ蜃ｺ闕ｷ,C036,蜿門ｼ募・36,NULL,5,陬ｽ蜩√さ繝ｼ繝・ V053904703 (讀懈渊蛹ｺ蛻・ｵｱ蜷域ｸ医∩) [霑ｽ蜉繧､繝ｳ繝昴・繝・ +57蛟犠 [霑ｽ蜉繧､繝ｳ繝昴・繝・ +57蛟犠 [霑ｽ蜉繧､繝ｳ繝昴・繝・ +57蛟犠,2025/10/9 8:54,2025/10/9 17:23
4119,ORD-20251201-V053904703,5,2025/12/1,2025/12/1,54,0,0,54,譛ｪ蜃ｺ闕ｷ,C036,蜿門ｼ募・36,NULL,5,陬ｽ蜩√さ繝ｼ繝・ V053904703 (讀懈渊蛹ｺ蛻・ｵｱ蜷域ｸ医∩) [霑ｽ蜉繧､繝ｳ繝昴・繝・ +54蛟犠 [霑ｽ蜉繧､繝ｳ繝昴・繝・ +54蛟犠 [霑ｽ蜉繧､繝ｳ繝昴・繝・ +54蛟犠,2025/10/9 8:54,2025/10/9 17:23
4120,ORD-20251202-V053904703,5,2025/12/2,2025/12/2,57,0,0,57,譛ｪ蜃ｺ闕ｷ,C036,蜿門ｼ募・36,NULL,5,陬ｽ蜩√さ繝ｼ繝・ V053904703 (讀懈渊蛹ｺ蛻・ｵｱ蜷域ｸ医∩) [霑ｽ蜉繧､繝ｳ繝昴・繝・ +57蛟犠 [霑ｽ蜉繧､繝ｳ繝昴・繝・ +57蛟犠 [霑ｽ蜉繧､繝ｳ繝昴・繝・ +57蛟犠,2025/10/9 8:54,2025/10/9 17:23
4121,ORD-20251203-V053904703,5,2025/12/3,2025/12/3,57,0,0,57,譛ｪ蜃ｺ闕ｷ,C036,蜿門ｼ募・36,NULL,5,陬ｽ蜩√さ繝ｼ繝・ V053904703 (謨ｰ驥乗峩譁ｰ: 55竊・7),2025/10/9 8:54,2025/10/10 9:07
4122,ORD-20251204-V053904703,5,2025/12/4,2025/12/4,57,0,0,57,譛ｪ蜃ｺ闕ｷ,C036,蜿門ｼ募・36,NULL,5,陬ｽ蜩√さ繝ｼ繝・ V053904703 (讀懈渊蛹ｺ蛻・ｵｱ蜷域ｸ医∩) [霑ｽ蜉繧､繝ｳ繝昴・繝・ +57蛟犠 [霑ｽ蜉繧､繝ｳ繝昴・繝・ +57蛟犠 [霑ｽ蜉繧､繝ｳ繝昴・繝・ +57蛟犠,2025/10/9 8:54,2025/10/9 17:23
4123,ORD-20251205-V053904703,5,2025/12/5,2025/12/5,54,0,0,54,譛ｪ蜃ｺ闕ｷ,C036,蜿門ｼ募・36,NULL,5,陬ｽ蜩√さ繝ｼ繝・ V053904703 (讀懈渊蛹ｺ蛻・ｵｱ蜷域ｸ医∩) [霑ｽ蜉繧､繝ｳ繝昴・繝・ +54蛟犠 [霑ｽ蜉繧､繝ｳ繝昴・繝・ +54蛟犠 [霑ｽ蜉繧､繝ｳ繝昴・繝・ +54蛟犠,2025/10/9 8:54,2025/10/9 17:23
4124,ORD-20251208-V053904703,5,2025/12/8,2025/12/8,57,0,0,57,譛ｪ蜃ｺ闕ｷ,C036,蜿門ｼ募・36,NULL,5,陬ｽ蜩√さ繝ｼ繝・ V053904703 (讀懈渊蛹ｺ蛻・ｵｱ蜷域ｸ医∩) [霑ｽ蜉繧､繝ｳ繝昴・繝・ +57蛟犠 [霑ｽ蜉繧､繝ｳ繝昴・繝・ +57蛟犠 [霑ｽ蜉繧､繝ｳ繝昴・繝・ +57蛟犠,2025/10/9 8:54,2025/10/9 17:23
4125,ORD-20251209-V053904703,5,2025/12/9,2025/12/9,54,0,0,54,譛ｪ蜃ｺ闕ｷ,C036,蜿門ｼ募・36,NULL,5,陬ｽ蜩√さ繝ｼ繝・ V053904703 (讀懈渊蛹ｺ蛻・ｵｱ蜷域ｸ医∩) [霑ｽ蜉繧､繝ｳ繝昴・繝・ +54蛟犠 [霑ｽ蜉繧､繝ｳ繝昴・繝・ +54蛟犠 [霑ｽ蜉繧､繝ｳ繝昴・繝・ +54蛟犠,2025/10/9 8:54,2025/10/9 17:23
4126,ORD-20251210-V053904703,5,2025/12/10,2025/12/10,57,0,0,57,譛ｪ蜃ｺ闕ｷ,C036,蜿門ｼ募・36,NULL,5,陬ｽ蜩√さ繝ｼ繝・ V053904703 (讀懈渊蛹ｺ蛻・ｵｱ蜷域ｸ医∩) [霑ｽ蜉繧､繝ｳ繝昴・繝・ +57蛟犠 [霑ｽ蜉繧､繝ｳ繝昴・繝・ +57蛟犠 [霑ｽ蜉繧､繝ｳ繝昴・繝・ +57蛟犠,2025/10/9 8:54,2025/10/9 17:23
4127,ORD-20251211-V053904703,5,2025/12/11,2025/12/11,54,0,0,54,譛ｪ蜃ｺ闕ｷ,C036,蜿門ｼ募・36,NULL,5,陬ｽ蜩√さ繝ｼ繝・ V053904703 (讀懈渊蛹ｺ蛻・ｵｱ蜷域ｸ医∩) [霑ｽ蜉繧､繝ｳ繝昴・繝・ +54蛟犠 [霑ｽ蜉繧､繝ｳ繝昴・繝・ +54蛟犠 [霑ｽ蜉繧､繝ｳ繝昴・繝・ +54蛟犠,2025/10/9 8:54,2025/10/9 17:23
4128,ORD-20251212-V053904703,5,2025/12/12,2025/12/12,57,0,0,57,譛ｪ蜃ｺ闕ｷ,C036,蜿門ｼ募・36,NULL,5,陬ｽ蜩√さ繝ｼ繝・ V053904703 (讀懈渊蛹ｺ蛻・ｵｱ蜷域ｸ医∩) [霑ｽ蜉繧､繝ｳ繝昴・繝・ +57蛟犠 [霑ｽ蜉繧､繝ｳ繝昴・繝・ +57蛟犠 [霑ｽ蜉繧､繝ｳ繝昴・繝・ +57蛟犠,2025/10/9 8:54,2025/10/9 17:23
4129,ORD-20251215-V053904703,5,2025/12/15,2025/12/15,54,0,0,54,譛ｪ蜃ｺ闕ｷ,C036,蜿門ｼ募・36,NULL,5,陬ｽ蜩√さ繝ｼ繝・ V053904703 (讀懈渊蛹ｺ蛻・ｵｱ蜷域ｸ医∩) [霑ｽ蜉繧､繝ｳ繝昴・繝・ +54蛟犠 [霑ｽ蜉繧､繝ｳ繝昴・繝・ +54蛟犠 [霑ｽ蜉繧､繝ｳ繝昴・繝・ +54蛟犠,2025/10/9 8:54,2025/10/9 17:23
4130,ORD-20251216-V053904703,5,2025/12/16,2025/12/16,51,0,0,51,譛ｪ蜃ｺ闕ｷ,C036,蜿門ｼ募・36,NULL,5,陬ｽ蜩√さ繝ｼ繝・ V053904703 (讀懈渊蛹ｺ蛻・ｵｱ蜷域ｸ医∩) [霑ｽ蜉繧､繝ｳ繝昴・繝・ +51蛟犠 [霑ｽ蜉繧､繝ｳ繝昴・繝・ +51蛟犠 [霑ｽ蜉繧､繝ｳ繝昴・繝・ +51蛟犠,2025/10/9 8:54,2025/10/9 17:23
4131,ORD-20251217-V053904703,5,2025/12/17,2025/12/17,54,0,0,54,譛ｪ蜃ｺ闕ｷ,C036,蜿門ｼ募・36,NULL,5,陬ｽ蜩√さ繝ｼ繝・ V053904703 (讀懈渊蛹ｺ蛻・ｵｱ蜷域ｸ医∩) [霑ｽ蜉繧､繝ｳ繝昴・繝・ +54蛟犠 [霑ｽ蜉繧､繝ｳ繝昴・繝・ +54蛟犠 [霑ｽ蜉繧､繝ｳ繝昴・繝・ +54蛟犠,2025/10/9 8:54,2025/10/9 17:23
4132,ORD-20251218-V053904703,5,2025/12/18,2025/12/18,57,0,0,57,譛ｪ蜃ｺ闕ｷ,C036,蜿門ｼ募・36,NULL,5,陬ｽ蜩√さ繝ｼ繝・ V053904703 (讀懈渊蛹ｺ蛻・ｵｱ蜷域ｸ医∩) [霑ｽ蜉繧､繝ｳ繝昴・繝・ +57蛟犠 [霑ｽ蜉繧､繝ｳ繝昴・繝・ +57蛟犠 [霑ｽ蜉繧､繝ｳ繝昴・繝・ +57蛟犠,2025/10/9 8:54,2025/10/9 17:23
4133,ORD-20251219-V053904703,5,2025/12/19,2025/12/19,57,0,0,57,譛ｪ蜃ｺ闕ｷ,C036,蜿門ｼ募・36,NULL,5,陬ｽ蜩√さ繝ｼ繝・ V053904703 (讀懈渊蛹ｺ蛻・ｵｱ蜷域ｸ医∩) [霑ｽ蜉繧､繝ｳ繝昴・繝・ +57蛟犠 [霑ｽ蜉繧､繝ｳ繝昴・繝・ +57蛟犠 [霑ｽ蜉繧､繝ｳ繝昴・繝・ +57蛟犠,2025/10/9 8:54,2025/10/9 17:23
4134,ORD-20251222-V053904703,5,2025/12/22,2025/12/22,51,0,0,51,譛ｪ蜃ｺ闕ｷ,C036,蜿門ｼ募・36,NULL,5,陬ｽ蜩√さ繝ｼ繝・ V053904703 (讀懈渊蛹ｺ蛻・ｵｱ蜷域ｸ医∩) [霑ｽ蜉繧､繝ｳ繝昴・繝・ +51蛟犠 [霑ｽ蜉繧､繝ｳ繝昴・繝・ +51蛟犠 [霑ｽ蜉繧､繝ｳ繝昴・繝・ +51蛟犠,2025/10/9 8:54,2025/10/9 17:23
4135,ORD-20251223-V053904703,5,2025/12/23,2025/12/23,69,0,0,69,譛ｪ蜃ｺ闕ｷ,C036,蜿門ｼ募・36,NULL,5,陬ｽ蜩√さ繝ｼ繝・ V053904703 (讀懈渊蛹ｺ蛻・ｵｱ蜷域ｸ医∩) [霑ｽ蜉繧､繝ｳ繝昴・繝・ +69蛟犠 [霑ｽ蜉繧､繝ｳ繝昴・繝・ +69蛟犠 [霑ｽ蜉繧､繝ｳ繝昴・繝・ +69蛟犠,2025/10/9 8:54,2025/10/9 17:23
4136,ORD-20251001-V065103703,6,2025/10/1,2025/10/1,9,0,9,0,譛ｪ蜃ｺ闕ｷ,C036,蜿門ｼ募・36,NULL,5,陬ｽ蜩√さ繝ｼ繝・ V065103703 (謨ｰ驥乗峩譁ｰ: 18竊・),2025/10/9 8:54,2025/10/9 17:42
4137,ORD-20251002-V065103703,6,2025/10/2,2025/10/2,3,0,3,0,譛ｪ蜃ｺ闕ｷ,C036,蜿門ｼ募・36,NULL,5,陬ｽ蜩√さ繝ｼ繝・ V065103703 (謨ｰ驥乗峩譁ｰ: 6竊・),2025/10/9 8:54,2025/10/9 17:42
4138,ORD-20251003-V065103703,6,2025/10/3,2025/10/3,3,0,3,0,譛ｪ蜃ｺ闕ｷ,C036,蜿門ｼ募・36,NULL,5,陬ｽ蜩√さ繝ｼ繝・ V065103703 (謨ｰ驥乗峩譁ｰ: 6竊・),2025/10/9 8:54,2025/10/9 17:42
4139,ORD-20251006-V065103703,6,2025/10/6,2025/10/6,3,0,3,0,譛ｪ蜃ｺ闕ｷ,C036,蜿門ｼ募・36,NULL,5,陬ｽ蜩√さ繝ｼ繝・ V065103703 (謨ｰ驥乗峩譁ｰ: 6竊・),2025/10/9 8:54,2025/10/9 17:43
4140,ORD-20251007-V065103703,6,2025/10/7,2025/10/7,6,0,6,0,譛ｪ蜃ｺ闕ｷ,C036,蜿門ｼ募・36,NULL,5,陬ｽ蜩√さ繝ｼ繝・ V065103703 (謨ｰ驥乗峩譁ｰ: 12竊・),2025/10/9 8:54,2025/10/9 17:43
4141,ORD-20251008-V065103703,6,2025/10/8,2025/10/8,3,0,3,0,譛ｪ蜃ｺ闕ｷ,C036,蜿門ｼ募・36,NULL,5,陬ｽ蜩√さ繝ｼ繝・ V065103703 (謨ｰ驥乗峩譁ｰ: 6竊・),2025/10/9 8:54,2025/10/9 17:43
4142,ORD-20251009-V065103703,6,2025/10/9,2025/10/9,3,0,0,3,譛ｪ蜃ｺ闕ｷ,C036,蜿門ｼ募・36,NULL,5,陬ｽ蜩√さ繝ｼ繝・ V065103703 (謨ｰ驥乗峩譁ｰ: 6竊・),2025/10/9 8:54,2025/10/9 17:31
4143,ORD-20251010-V065103703,6,2025/10/10,2025/10/10,3,0,0,3,譛ｪ蜃ｺ闕ｷ,C036,蜿門ｼ募・36,NULL,5,陬ｽ蜩√さ繝ｼ繝・ V065103703 (謨ｰ驥乗峩譁ｰ: 6竊・),2025/10/9 8:54,2025/10/10 9:55
4144,ORD-20251014-V065103703,6,2025/10/14,2025/10/14,6,0,0,6,譛ｪ蜃ｺ闕ｷ,C036,蜿門ｼ募・36,NULL,5,陬ｽ蜩√さ繝ｼ繝・ V065103703 (謨ｰ驥乗峩譁ｰ: 12竊・),2025/10/9 8:54,2025/10/9 17:31
4145,ORD-20251015-V065103703,6,2025/10/15,2025/10/15,3,0,0,3,譛ｪ蜃ｺ闕ｷ,C036,蜿門ｼ募・36,NULL,5,陬ｽ蜩√さ繝ｼ繝・ V065103703 (謨ｰ驥乗峩譁ｰ: 6竊・),2025/10/9 8:54,2025/10/10 9:55
4146,ORD-20251016-V065103703,6,2025/10/16,2025/10/16,6,0,0,6,譛ｪ蜃ｺ闕ｷ,C036,蜿門ｼ募・36,NULL,5,陬ｽ蜩√さ繝ｼ繝・ V065103703 (謨ｰ驥乗峩譁ｰ: 12竊・),2025/10/9 8:54,2025/10/10 9:55
4147,ORD-20251017-V065103703,6,2025/10/17,2025/10/17,3,0,0,3,譛ｪ蜃ｺ闕ｷ,C036,蜿門ｼ募・36,NULL,5,陬ｽ蜩√さ繝ｼ繝・ V065103703 (謨ｰ驥乗峩譁ｰ: 6竊・),2025/10/9 8:54,2025/10/10 9:55
4148,ORD-20251020-V065103703,6,2025/10/20,2025/10/20,6,0,0,6,譛ｪ蜃ｺ闕ｷ,C036,蜿門ｼ募・36,NULL,5,陬ｽ蜩√さ繝ｼ繝・ V065103703 (謨ｰ驥乗峩譁ｰ: 12竊・),2025/10/9 8:54,2025/10/9 17:31
3950,ORD-20251024-V053143615,2,2025/10/24,2025/10/24,57,0,0,57,譛ｪ蜃ｺ闕ｷ,C036,蜿門ｼ募・36,NULL,5,陬ｽ蜩√さ繝ｼ繝・ V053143615 (讀懈渊蛹ｺ蛻・ｵｱ蜷域ｸ医∩) [霑ｽ蜉繧､繝ｳ繝昴・繝・ +57蛟犠 [霑ｽ蜉繧､繝ｳ繝昴・繝・ +57蛟犠 [霑ｽ蜉繧､繝ｳ繝昴・繝・ +57蛟犠,2025/10/9 8:54,2025/10/9 17:23
3999,ORD-20251024-V053103705,3,2025/10/24,2025/10/24,9,0,0,9,譛ｪ蜃ｺ闕ｷ,C036,蜿門ｼ募・36,NULL,5,陬ｽ蜩√さ繝ｼ繝・ V053103705 (讀懈渊蛹ｺ蛻・ｵｱ蜷域ｸ医∩) [霑ｽ蜉繧､繝ｳ繝昴・繝・ +9蛟犠 [霑ｽ蜉繧､繝ｳ繝昴・繝・ +9蛟犠 [霑ｽ蜉繧､繝ｳ繝昴・繝・ +9蛟犠,2025/10/9 8:54,2025/10/9 17:23
4041,ORD-20251024-V053104642,4,2025/10/24,2025/10/24,72,0,0,72,譛ｪ蜃ｺ闕ｷ,C036,蜿門ｼ募・36,NULL,5,陬ｽ蜩√さ繝ｼ繝・ V053104642 (讀懈渊蛹ｺ蛻・ｵｱ蜷域ｸ医∩) [霑ｽ蜉繧､繝ｳ繝昴・繝・ +72蛟犠 [霑ｽ蜉繧､繝ｳ繝昴・繝・ +72蛟犠 [霑ｽ蜉繧､繝ｳ繝昴・繝・ +72蛟犠,2025/10/9 8:54,2025/10/9 17:23
4152,ORD-20251028-V065103703,6,2025/10/28,2025/10/28,6,0,0,6,譛ｪ蜃ｺ闕ｷ,C036,蜿門ｼ募・36,NULL,5,陬ｽ蜩√さ繝ｼ繝・ V065103703 (謨ｰ驥乗峩譁ｰ: 12竊・),2025/10/9 8:54,2025/10/9 17:31
4153,ORD-20251029-V065103703,6,2025/10/29,2025/10/29,3,0,0,3,譛ｪ蜃ｺ闕ｷ,C036,蜿門ｼ募・36,NULL,5,陬ｽ蜩√さ繝ｼ繝・ V065103703 (謨ｰ驥乗峩譁ｰ: 6竊・),2025/10/9 8:54,2025/10/9 17:31
4154,ORD-20251030-V065103703,6,2025/10/30,2025/10/30,6,0,0,6,譛ｪ蜃ｺ闕ｷ,C036,蜿門ｼ募・36,NULL,5,陬ｽ蜩√さ繝ｼ繝・ V065103703 (謨ｰ驥乗峩譁ｰ: 12竊・),2025/10/9 8:54,2025/10/9 17:31
4155,ORD-20251031-V065103703,6,2025/10/31,2025/10/31,3,0,0,3,譛ｪ蜃ｺ闕ｷ,C036,蜿門ｼ募・36,NULL,5,陬ｽ蜩√さ繝ｼ繝・ V065103703 (謨ｰ驥乗峩譁ｰ: 6竊・),2025/10/9 8:54,2025/10/9 17:31
4156,ORD-20251104-V065103703,6,2025/11/4,2025/11/4,6,0,0,6,譛ｪ蜃ｺ闕ｷ,C036,蜿門ｼ募・36,NULL,5,陬ｽ蜩√さ繝ｼ繝・ V065103703 (謨ｰ驥乗峩譁ｰ: 12竊・),2025/10/9 8:54,2025/10/9 17:31
4157,ORD-20251105-V065103703,6,2025/11/5,2025/11/5,6,0,0,6,譛ｪ蜃ｺ闕ｷ,C036,蜿門ｼ募・36,NULL,5,陬ｽ蜩√さ繝ｼ繝・ V065103703 (謨ｰ驥乗峩譁ｰ: 12竊・),2025/10/9 8:54,2025/10/9 17:31
4158,ORD-20251106-V065103703,6,2025/11/6,2025/11/6,3,0,0,3,譛ｪ蜃ｺ闕ｷ,C036,蜿門ｼ募・36,NULL,5,陬ｽ蜩√さ繝ｼ繝・ V065103703 (謨ｰ驥乗峩譁ｰ: 6竊・),2025/10/9 8:54,2025/10/9 17:31
4159,ORD-20251107-V065103703,6,2025/11/7,2025/11/7,3,0,0,3,譛ｪ蜃ｺ闕ｷ,C036,蜿門ｼ募・36,NULL,5,陬ｽ蜩√さ繝ｼ繝・ V065103703 (謨ｰ驥乗峩譁ｰ: 6竊・),2025/10/9 8:54,2025/10/9 17:31
4160,ORD-20251110-V065103703,6,2025/11/10,2025/11/10,6,0,0,6,譛ｪ蜃ｺ闕ｷ,C036,蜿門ｼ募・36,NULL,5,陬ｽ蜩√さ繝ｼ繝・ V065103703 (謨ｰ驥乗峩譁ｰ: 12竊・),2025/10/9 8:54,2025/10/9 17:31
4161,ORD-20251111-V065103703,6,2025/11/11,2025/11/11,3,0,0,3,譛ｪ蜃ｺ闕ｷ,C036,蜿門ｼ募・36,NULL,5,陬ｽ蜩√さ繝ｼ繝・ V065103703 (謨ｰ驥乗峩譁ｰ: 6竊・),2025/10/9 8:54,2025/10/9 17:31
4162,ORD-20251112-V065103703,6,2025/11/12,2025/11/12,6,0,0,6,譛ｪ蜃ｺ闕ｷ,C036,蜿門ｼ募・36,NULL,5,陬ｽ蜩√さ繝ｼ繝・ V065103703 (謨ｰ驥乗峩譁ｰ: 12竊・),2025/10/9 8:54,2025/10/9 17:31
4163,ORD-20251113-V065103703,6,2025/11/13,2025/11/13,3,0,0,3,譛ｪ蜃ｺ闕ｷ,C036,蜿門ｼ募・36,NULL,5,陬ｽ蜩√さ繝ｼ繝・ V065103703 (謨ｰ驥乗峩譁ｰ: 6竊・),2025/10/9 8:54,2025/10/9 17:31
4164,ORD-20251114-V065103703,6,2025/11/14,2025/11/14,3,0,0,3,譛ｪ蜃ｺ闕ｷ,C036,蜿門ｼ募・36,NULL,5,陬ｽ蜩√さ繝ｼ繝・ V065103703 (謨ｰ驥乗峩譁ｰ: 6竊・),2025/10/9 8:54,2025/10/9 17:31
4165,ORD-20251117-V065103703,6,2025/11/17,2025/11/17,6,0,0,6,譛ｪ蜃ｺ闕ｷ,C036,蜿門ｼ募・36,NULL,5,陬ｽ蜩√さ繝ｼ繝・ V065103703 (謨ｰ驥乗峩譁ｰ: 12竊・),2025/10/9 8:54,2025/10/9 17:31
4166,ORD-20251118-V065103703,6,2025/11/18,2025/11/18,3,0,0,3,譛ｪ蜃ｺ闕ｷ,C036,蜿門ｼ募・36,NULL,5,陬ｽ蜩√さ繝ｼ繝・ V065103703 (謨ｰ驥乗峩譁ｰ: 6竊・),2025/10/9 8:54,2025/10/9 17:31
4167,ORD-20251121-V065103703,6,2025/11/21,2025/11/21,3,0,0,3,譛ｪ蜃ｺ闕ｷ,C036,蜿門ｼ募・36,NULL,5,陬ｽ蜩√さ繝ｼ繝・ V065103703 (謨ｰ驥乗峩譁ｰ: 6竊・),2025/10/9 8:54,2025/10/9 17:31
4168,ORD-20251125-V065103703,6,2025/11/25,2025/11/25,3,0,0,3,譛ｪ蜃ｺ闕ｷ,C036,蜿門ｼ募・36,NULL,5,陬ｽ蜩√さ繝ｼ繝・ V065103703 (謨ｰ驥乗峩譁ｰ: 6竊・),2025/10/9 8:54,2025/10/9 17:31
4169,ORD-20251126-V065103703,6,2025/11/26,2025/11/26,6,0,0,6,譛ｪ蜃ｺ闕ｷ,C036,蜿門ｼ募・36,NULL,5,陬ｽ蜩√さ繝ｼ繝・ V065103703 (謨ｰ驥乗峩譁ｰ: 12竊・),2025/10/9 8:54,2025/10/9 17:31
4170,ORD-20251127-V065103703,6,2025/11/27,2025/11/27,3,0,0,3,譛ｪ蜃ｺ闕ｷ,C036,蜿門ｼ募・36,NULL,5,陬ｽ蜩√さ繝ｼ繝・ V065103703 (謨ｰ驥乗峩譁ｰ: 6竊・),2025/10/9 8:54,2025/10/9 17:31
4171,ORD-20251201-V065103703,6,2025/12/1,2025/12/1,3,0,0,3,譛ｪ蜃ｺ闕ｷ,C036,蜿門ｼ募・36,NULL,5,陬ｽ蜩√さ繝ｼ繝・ V065103703 (謨ｰ驥乗峩譁ｰ: 6竊・),2025/10/9 8:54,2025/10/9 17:31
4172,ORD-20251202-V065103703,6,2025/12/2,2025/12/2,6,0,0,6,譛ｪ蜃ｺ闕ｷ,C036,蜿門ｼ募・36,NULL,5,陬ｽ蜩√さ繝ｼ繝・ V065103703 (謨ｰ驥乗峩譁ｰ: 4竊・),2025/10/9 8:54,2025/10/10 9:07
4173,ORD-20251203-V065103703,6,2025/12/3,2025/12/3,3,0,0,3,譛ｪ蜃ｺ闕ｷ,C036,蜿門ｼ募・36,NULL,5,陬ｽ蜩√さ繝ｼ繝・ V065103703 (謨ｰ驥乗峩譁ｰ: 6竊・),2025/10/9 8:54,2025/10/9 17:31
4174,ORD-20251204-V065103703,6,2025/12/4,2025/12/4,3,0,0,3,譛ｪ蜃ｺ闕ｷ,C036,蜿門ｼ募・36,NULL,5,陬ｽ蜩√さ繝ｼ繝・ V065103703 (謨ｰ驥乗峩譁ｰ: 6竊・),2025/10/9 8:54,2025/10/9 17:31
4175,ORD-20251205-V065103703,6,2025/12/5,2025/12/5,6,0,0,6,譛ｪ蜃ｺ闕ｷ,C036,蜿門ｼ募・36,NULL,5,陬ｽ蜩√さ繝ｼ繝・ V065103703 (謨ｰ驥乗峩譁ｰ: 12竊・),2025/10/9 8:54,2025/10/9 17:31
4176,ORD-20251208-V065103703,6,2025/12/8,2025/12/8,3,0,0,3,譛ｪ蜃ｺ闕ｷ,C036,蜿門ｼ募・36,NULL,5,陬ｽ蜩√さ繝ｼ繝・ V065103703 (謨ｰ驥乗峩譁ｰ: 6竊・),2025/10/9 8:54,2025/10/9 17:31
4177,ORD-20251209-V065103703,6,2025/12/9,2025/12/9,3,0,0,3,譛ｪ蜃ｺ闕ｷ,C036,蜿門ｼ募・36,NULL,5,陬ｽ蜩√さ繝ｼ繝・ V065103703 (謨ｰ驥乗峩譁ｰ: 6竊・),2025/10/9 8:54,2025/10/9 17:31
4178,ORD-20251210-V065103703,6,2025/12/10,2025/12/10,3,0,0,3,譛ｪ蜃ｺ闕ｷ,C036,蜿門ｼ募・36,NULL,5,陬ｽ蜩√さ繝ｼ繝・ V065103703 (謨ｰ驥乗峩譁ｰ: 6竊・),2025/10/9 8:54,2025/10/9 17:31
4179,ORD-20251211-V065103703,6,2025/12/11,2025/12/11,6,0,0,6,譛ｪ蜃ｺ闕ｷ,C036,蜿門ｼ募・36,NULL,5,陬ｽ蜩√さ繝ｼ繝・ V065103703 (謨ｰ驥乗峩譁ｰ: 12竊・),2025/10/9 8:54,2025/10/9 17:31
4180,ORD-20251212-V065103703,6,2025/12/12,2025/12/12,3,0,0,3,譛ｪ蜃ｺ闕ｷ,C036,蜿門ｼ募・36,NULL,5,陬ｽ蜩√さ繝ｼ繝・ V065103703 (謨ｰ驥乗峩譁ｰ: 6竊・),2025/10/9 8:54,2025/10/9 17:31
4181,ORD-20251215-V065103703,6,2025/12/15,2025/12/15,3,0,0,3,譛ｪ蜃ｺ闕ｷ,C036,蜿門ｼ募・36,NULL,5,陬ｽ蜩√さ繝ｼ繝・ V065103703 (謨ｰ驥乗峩譁ｰ: 6竊・),2025/10/9 8:54,2025/10/9 17:31
4182,ORD-20251216-V065103703,6,2025/12/16,2025/12/16,3,0,0,3,譛ｪ蜃ｺ闕ｷ,C036,蜿門ｼ募・36,NULL,5,陬ｽ蜩√さ繝ｼ繝・ V065103703 (謨ｰ驥乗峩譁ｰ: 6竊・),2025/10/9 8:54,2025/10/9 17:31
4183,ORD-20251217-V065103703,6,2025/12/17,2025/12/17,3,0,0,3,譛ｪ蜃ｺ闕ｷ,C036,蜿門ｼ募・36,NULL,5,陬ｽ蜩√さ繝ｼ繝・ V065103703 (謨ｰ驥乗峩譁ｰ: 6竊・),2025/10/9 8:54,2025/10/9 17:31
4184,ORD-20251218-V065103703,6,2025/12/18,2025/12/18,3,0,0,3,譛ｪ蜃ｺ闕ｷ,C036,蜿門ｼ募・36,NULL,5,陬ｽ蜩√さ繝ｼ繝・ V065103703 (謨ｰ驥乗峩譁ｰ: 6竊・),2025/10/9 8:54,2025/10/9 17:31
4185,ORD-20251001-V065104642,7,2025/10/1,2025/10/1,56,0,56,0,譛ｪ蜃ｺ闕ｷ,C036,蜿門ｼ募・36,NULL,5,陬ｽ蜩√さ繝ｼ繝・ V065104642 (讀懈渊蛹ｺ蛻・ｵｱ蜷域ｸ医∩) [霑ｽ蜉繧､繝ｳ繝昴・繝・ +56蛟犠 [霑ｽ蜉繧､繝ｳ繝昴・繝・ +56蛟犠 [霑ｽ蜉繧､繝ｳ繝昴・繝・ +56蛟犠,2025/10/9 8:54,2025/10/9 17:23
4186,ORD-20251002-V065104642,7,2025/10/2,2025/10/2,40,0,40,0,譛ｪ蜃ｺ闕ｷ,C036,蜿門ｼ募・36,NULL,5,陬ｽ蜩√さ繝ｼ繝・ V065104642 (讀懈渊蛹ｺ蛻・ｵｱ蜷域ｸ医∩) [霑ｽ蜉繧､繝ｳ繝昴・繝・ +40蛟犠 [霑ｽ蜉繧､繝ｳ繝昴・繝・ +40蛟犠 [霑ｽ蜉繧､繝ｳ繝昴・繝・ +40蛟犠,2025/10/9 8:54,2025/10/9 17:23
4187,ORD-20251003-V065104642,7,2025/10/3,2025/10/3,56,0,56,0,譛ｪ蜃ｺ闕ｷ,C036,蜿門ｼ募・36,NULL,5,陬ｽ蜩√さ繝ｼ繝・ V065104642 (讀懈渊蛹ｺ蛻・ｵｱ蜷域ｸ医∩) [霑ｽ蜉繧､繝ｳ繝昴・繝・ +56蛟犠 [霑ｽ蜉繧､繝ｳ繝昴・繝・ +56蛟犠 [霑ｽ蜉繧､繝ｳ繝昴・繝・ +56蛟犠,2025/10/9 8:54,2025/10/9 17:23
4188,ORD-20251006-V065104642,7,2025/10/6,2025/10/6,40,0,40,0,譛ｪ蜃ｺ闕ｷ,C036,蜿門ｼ募・36,NULL,5,陬ｽ蜩√さ繝ｼ繝・ V065104642 (讀懈渊蛹ｺ蛻・ｵｱ蜷域ｸ医∩) [霑ｽ蜉繧､繝ｳ繝昴・繝・ +40蛟犠 [霑ｽ蜉繧､繝ｳ繝昴・繝・ +40蛟犠 [霑ｽ蜉繧､繝ｳ繝昴・繝・ +40蛟犠,2025/10/9 8:54,2025/10/9 17:40
4189,ORD-20251007-V065104642,7,2025/10/7,2025/10/7,56,0,56,0,譛ｪ蜃ｺ闕ｷ,C036,蜿門ｼ募・36,NULL,5,陬ｽ蜩√さ繝ｼ繝・ V065104642 (讀懈渊蛹ｺ蛻・ｵｱ蜷域ｸ医∩) [霑ｽ蜉繧､繝ｳ繝昴・繝・ +56蛟犠 [霑ｽ蜉繧､繝ｳ繝昴・繝・ +56蛟犠 [霑ｽ蜉繧､繝ｳ繝昴・繝・ +56蛟犠,2025/10/9 8:54,2025/10/9 17:40
4190,ORD-20251008-V065104642,7,2025/10/8,2025/10/8,40,0,40,0,譛ｪ蜃ｺ闕ｷ,C036,蜿門ｼ募・36,NULL,5,陬ｽ蜩√さ繝ｼ繝・ V065104642 (讀懈渊蛹ｺ蛻・ｵｱ蜷域ｸ医∩) [霑ｽ蜉繧､繝ｳ繝昴・繝・ +40蛟犠 [霑ｽ蜉繧､繝ｳ繝昴・繝・ +40蛟犠 [霑ｽ蜉繧､繝ｳ繝昴・繝・ +40蛟犠,2025/10/9 8:54,2025/10/9 17:40
4191,ORD-20251009-V065104642,7,2025/10/9,2025/10/9,48,0,0,48,譛ｪ蜃ｺ闕ｷ,C036,蜿門ｼ募・36,NULL,5,陬ｽ蜩√さ繝ｼ繝・ V065104642 (讀懈渊蛹ｺ蛻・ｵｱ蜷域ｸ医∩) [霑ｽ蜉繧､繝ｳ繝昴・繝・ +48蛟犠 [霑ｽ蜉繧､繝ｳ繝昴・繝・ +48蛟犠 [霑ｽ蜉繧､繝ｳ繝昴・繝・ +48蛟犠,2025/10/9 8:54,2025/10/9 17:23
4192,ORD-20251010-V065104642,7,2025/10/10,2025/10/10,40,0,0,40,譛ｪ蜃ｺ闕ｷ,C036,蜿門ｼ募・36,NULL,5,陬ｽ蜩√さ繝ｼ繝・ V065104642 (讀懈渊蛹ｺ蛻・ｵｱ蜷域ｸ医∩) [霑ｽ蜉繧､繝ｳ繝昴・繝・ +40蛟犠 [霑ｽ蜉繧､繝ｳ繝昴・繝・ +40蛟犠 [霑ｽ蜉繧､繝ｳ繝昴・繝・ +40蛟犠,2025/10/9 8:54,2025/10/10 9:55
4193,ORD-20251014-V065104642,7,2025/10/14,2025/10/14,56,0,0,56,譛ｪ蜃ｺ闕ｷ,C036,蜿門ｼ募・36,NULL,5,陬ｽ蜩√さ繝ｼ繝・ V065104642 (讀懈渊蛹ｺ蛻・ｵｱ蜷域ｸ医∩) [霑ｽ蜉繧､繝ｳ繝昴・繝・ +56蛟犠 [霑ｽ蜉繧､繝ｳ繝昴・繝・ +56蛟犠 [霑ｽ蜉繧､繝ｳ繝昴・繝・ +56蛟犠,2025/10/9 8:54,2025/10/9 17:23
4194,ORD-20251015-V065104642,7,2025/10/15,2025/10/15,32,0,0,32,譛ｪ蜃ｺ闕ｷ,C036,蜿門ｼ募・36,NULL,5,陬ｽ蜩√さ繝ｼ繝・ V065104642 (讀懈渊蛹ｺ蛻・ｵｱ蜷域ｸ医∩) [霑ｽ蜉繧､繝ｳ繝昴・繝・ +32蛟犠 [霑ｽ蜉繧､繝ｳ繝昴・繝・ +32蛟犠 [霑ｽ蜉繧､繝ｳ繝昴・繝・ +32蛟犠,2025/10/9 8:54,2025/10/10 9:55
4195,ORD-20251016-V065104642,7,2025/10/16,2025/10/16,40,0,0,40,譛ｪ蜃ｺ闕ｷ,C036,蜿門ｼ募・36,NULL,5,陬ｽ蜩√さ繝ｼ繝・ V065104642 (讀懈渊蛹ｺ蛻・ｵｱ蜷域ｸ医∩) [霑ｽ蜉繧､繝ｳ繝昴・繝・ +40蛟犠 [霑ｽ蜉繧､繝ｳ繝昴・繝・ +40蛟犠 [霑ｽ蜉繧､繝ｳ繝昴・繝・ +40蛟犠,2025/10/9 8:54,2025/10/10 9:55
4196,ORD-20251017-V065104642,7,2025/10/17,2025/10/17,40,0,0,40,譛ｪ蜃ｺ闕ｷ,C036,蜿門ｼ募・36,NULL,5,陬ｽ蜩√さ繝ｼ繝・ V065104642 (讀懈渊蛹ｺ蛻・ｵｱ蜷域ｸ医∩) [霑ｽ蜉繧､繝ｳ繝昴・繝・ +40蛟犠 [霑ｽ蜉繧､繝ｳ繝昴・繝・ +40蛟犠 [霑ｽ蜉繧､繝ｳ繝昴・繝・ +40蛟犠,2025/10/9 8:54,2025/10/10 9:55
4197,ORD-20251020-V065104642,7,2025/10/20,2025/10/20,32,0,0,32,譛ｪ蜃ｺ闕ｷ,C036,蜿門ｼ募・36,NULL,5,陬ｽ蜩√さ繝ｼ繝・ V065104642 (讀懈渊蛹ｺ蛻・ｵｱ蜷域ｸ医∩) [霑ｽ蜉繧､繝ｳ繝昴・繝・ +32蛟犠 [霑ｽ蜉繧､繝ｳ繝昴・繝・ +32蛟犠 [霑ｽ蜉繧､繝ｳ繝昴・繝・ +32蛟犠,2025/10/9 8:54,2025/10/9 17:23
4096,ORD-20251024-V053904703,5,2025/10/24,2025/10/24,54,0,0,54,譛ｪ蜃ｺ闕ｷ,C036,蜿門ｼ募・36,NULL,5,陬ｽ蜩√さ繝ｼ繝・ V053904703 (讀懈渊蛹ｺ蛻・ｵｱ蜷域ｸ医∩) [霑ｽ蜉繧､繝ｳ繝昴・繝・ +54蛟犠 [霑ｽ蜉繧､繝ｳ繝昴・繝・ +54蛟犠 [霑ｽ蜉繧､繝ｳ繝昴・繝・ +54蛟犠,2025/10/9 8:54,2025/10/9 17:23
4201,ORD-20251024-V065104642,7,2025/10/24,2025/10/24,56,0,0,56,譛ｪ蜃ｺ闕ｷ,C036,蜿門ｼ募・36,NULL,5,陬ｽ蜩√さ繝ｼ繝・ V065104642 (讀懈渊蛹ｺ蛻・ｵｱ蜷域ｸ医∩) [霑ｽ蜉繧､繝ｳ繝昴・繝・ +56蛟犠 [霑ｽ蜉繧､繝ｳ繝昴・繝・ +56蛟犠 [霑ｽ蜉繧､繝ｳ繝昴・繝・ +56蛟犠,2025/10/9 8:54,2025/10/9 17:23
4312,ORD-20251024-V065104703,8,2025/10/24,2025/10/24,42,0,0,42,譛ｪ蜃ｺ闕ｷ,C036,蜿門ｼ募・36,NULL,5,陬ｽ蜩√さ繝ｼ繝・ V065104703 (謨ｰ驥乗峩譁ｰ: 84竊・2),2025/10/9 17:23,2025/10/9 17:31
3897,ORD-20251027-V053143521,1,2025/10/27,2025/10/27,48,0,0,48,譛ｪ蜃ｺ闕ｷ,C036,蜿門ｼ募・36,NULL,5,陬ｽ蜩√さ繝ｼ繝・ V053143521 (讀懈渊蛹ｺ蛻・ｵｱ蜷域ｸ医∩) [霑ｽ蜉繧､繝ｳ繝昴・繝・ +48蛟犠 [霑ｽ蜉繧､繝ｳ繝昴・繝・ +48蛟犠 [霑ｽ蜉繧､繝ｳ繝昴・繝・ +48蛟犠,2025/10/9 8:54,2025/10/9 17:23
3951,ORD-20251027-V053143615,2,2025/10/27,2025/10/27,57,0,0,57,譛ｪ蜃ｺ闕ｷ,C036,蜿門ｼ募・36,NULL,5,陬ｽ蜩√さ繝ｼ繝・ V053143615 (讀懈渊蛹ｺ蛻・ｵｱ蜷域ｸ医∩) [霑ｽ蜉繧､繝ｳ繝昴・繝・ +57蛟犠 [霑ｽ蜉繧､繝ｳ繝昴・繝・ +57蛟犠 [霑ｽ蜉繧､繝ｳ繝昴・繝・ +57蛟犠,2025/10/9 8:54,2025/10/9 17:23
4203,ORD-20251028-V065104642,7,2025/10/28,2025/10/28,40,0,0,40,譛ｪ蜃ｺ闕ｷ,C036,蜿門ｼ募・36,NULL,5,陬ｽ蜩√さ繝ｼ繝・ V065104642 (讀懈渊蛹ｺ蛻・ｵｱ蜷域ｸ医∩) [霑ｽ蜉繧､繝ｳ繝昴・繝・ +40蛟犠 [霑ｽ蜉繧､繝ｳ繝昴・繝・ +40蛟犠 [霑ｽ蜉繧､繝ｳ繝昴・繝・ +40蛟犠,2025/10/9 8:54,2025/10/9 17:23
4204,ORD-20251029-V065104642,7,2025/10/29,2025/10/29,40,0,0,40,譛ｪ蜃ｺ闕ｷ,C036,蜿門ｼ募・36,NULL,5,陬ｽ蜩√さ繝ｼ繝・ V065104642 (讀懈渊蛹ｺ蛻・ｵｱ蜷域ｸ医∩) [霑ｽ蜉繧､繝ｳ繝昴・繝・ +40蛟犠 [霑ｽ蜉繧､繝ｳ繝昴・繝・ +40蛟犠 [霑ｽ蜉繧､繝ｳ繝昴・繝・ +40蛟犠,2025/10/9 8:54,2025/10/9 17:23
4205,ORD-20251030-V065104642,7,2025/10/30,2025/10/30,48,0,0,48,譛ｪ蜃ｺ闕ｷ,C036,蜿門ｼ募・36,NULL,5,陬ｽ蜩√さ繝ｼ繝・ V065104642 (讀懈渊蛹ｺ蛻・ｵｱ蜷域ｸ医∩) [霑ｽ蜉繧､繝ｳ繝昴・繝・ +48蛟犠 [霑ｽ蜉繧､繝ｳ繝昴・繝・ +48蛟犠 [霑ｽ蜉繧､繝ｳ繝昴・繝・ +48蛟犠,2025/10/9 8:54,2025/10/9 17:23
4206,ORD-20251031-V065104642,7,2025/10/31,2025/10/31,40,0,0,40,譛ｪ蜃ｺ闕ｷ,C036,蜿門ｼ募・36,NULL,5,陬ｽ蜩√さ繝ｼ繝・ V065104642 (讀懈渊蛹ｺ蛻・ｵｱ蜷域ｸ医∩) [霑ｽ蜉繧､繝ｳ繝昴・繝・ +40蛟犠 [霑ｽ蜉繧､繝ｳ繝昴・繝・ +40蛟犠 [霑ｽ蜉繧､繝ｳ繝昴・繝・ +40蛟犠,2025/10/9 8:54,2025/10/9 17:23
4207,ORD-20251104-V065104642,7,2025/11/4,2025/11/4,40,0,0,40,譛ｪ蜃ｺ闕ｷ,C036,蜿門ｼ募・36,NULL,5,陬ｽ蜩√さ繝ｼ繝・ V065104642 (讀懈渊蛹ｺ蛻・ｵｱ蜷域ｸ医∩) [霑ｽ蜉繧､繝ｳ繝昴・繝・ +40蛟犠 [霑ｽ蜉繧､繝ｳ繝昴・繝・ +40蛟犠 [霑ｽ蜉繧､繝ｳ繝昴・繝・ +40蛟犠,2025/10/9 8:54,2025/10/9 17:23
4208,ORD-20251105-V065104642,7,2025/11/5,2025/11/5,40,0,0,40,譛ｪ蜃ｺ闕ｷ,C036,蜿門ｼ募・36,NULL,5,陬ｽ蜩√さ繝ｼ繝・ V065104642 (讀懈渊蛹ｺ蛻・ｵｱ蜷域ｸ医∩) [霑ｽ蜉繧､繝ｳ繝昴・繝・ +40蛟犠 [霑ｽ蜉繧､繝ｳ繝昴・繝・ +40蛟犠 [霑ｽ蜉繧､繝ｳ繝昴・繝・ +40蛟犠,2025/10/9 8:54,2025/10/9 17:23
4209,ORD-20251106-V065104642,7,2025/11/6,2025/11/6,48,0,0,48,譛ｪ蜃ｺ闕ｷ,C036,蜿門ｼ募・36,NULL,5,陬ｽ蜩√さ繝ｼ繝・ V065104642 (讀懈渊蛹ｺ蛻・ｵｱ蜷域ｸ医∩) [霑ｽ蜉繧､繝ｳ繝昴・繝・ +48蛟犠 [霑ｽ蜉繧､繝ｳ繝昴・繝・ +48蛟犠 [霑ｽ蜉繧､繝ｳ繝昴・繝・ +48蛟犠,2025/10/9 8:54,2025/10/9 17:23
4210,ORD-20251107-V065104642,7,2025/11/7,2025/11/7,40,0,0,40,譛ｪ蜃ｺ闕ｷ,C036,蜿門ｼ募・36,NULL,5,陬ｽ蜩√さ繝ｼ繝・ V065104642 (讀懈渊蛹ｺ蛻・ｵｱ蜷域ｸ医∩) [霑ｽ蜉繧､繝ｳ繝昴・繝・ +40蛟犠 [霑ｽ蜉繧､繝ｳ繝昴・繝・ +40蛟犠 [霑ｽ蜉繧､繝ｳ繝昴・繝・ +40蛟犠,2025/10/9 8:54,2025/10/9 17:23
4211,ORD-20251110-V065104642,7,2025/11/10,2025/11/10,40,0,0,40,譛ｪ蜃ｺ闕ｷ,C036,蜿門ｼ募・36,NULL,5,陬ｽ蜩√さ繝ｼ繝・ V065104642 (讀懈渊蛹ｺ蛻・ｵｱ蜷域ｸ医∩) [霑ｽ蜉繧､繝ｳ繝昴・繝・ +40蛟犠 [霑ｽ蜉繧､繝ｳ繝昴・繝・ +40蛟犠 [霑ｽ蜉繧､繝ｳ繝昴・繝・ +40蛟犠,2025/10/9 8:54,2025/10/9 17:23
4212,ORD-20251111-V065104642,7,2025/11/11,2025/11/11,40,0,0,40,譛ｪ蜃ｺ闕ｷ,C036,蜿門ｼ募・36,NULL,5,陬ｽ蜩√さ繝ｼ繝・ V065104642 (讀懈渊蛹ｺ蛻・ｵｱ蜷域ｸ医∩) [霑ｽ蜉繧､繝ｳ繝昴・繝・ +40蛟犠 [霑ｽ蜉繧､繝ｳ繝昴・繝・ +40蛟犠 [霑ｽ蜉繧､繝ｳ繝昴・繝・ +40蛟犠,2025/10/9 8:54,2025/10/9 17:23
4213,ORD-20251112-V065104642,7,2025/11/12,2025/11/12,40,0,0,40,譛ｪ蜃ｺ闕ｷ,C036,蜿門ｼ募・36,NULL,5,陬ｽ蜩√さ繝ｼ繝・ V065104642 (讀懈渊蛹ｺ蛻・ｵｱ蜷域ｸ医∩) [霑ｽ蜉繧､繝ｳ繝昴・繝・ +40蛟犠 [霑ｽ蜉繧､繝ｳ繝昴・繝・ +40蛟犠 [霑ｽ蜉繧､繝ｳ繝昴・繝・ +40蛟犠,2025/10/9 8:54,2025/10/9 17:23
4214,ORD-20251113-V065104642,7,2025/11/13,2025/11/13,48,0,0,48,譛ｪ蜃ｺ闕ｷ,C036,蜿門ｼ募・36,NULL,5,陬ｽ蜩√さ繝ｼ繝・ V065104642 (讀懈渊蛹ｺ蛻・ｵｱ蜷域ｸ医∩) [霑ｽ蜉繧､繝ｳ繝昴・繝・ +48蛟犠 [霑ｽ蜉繧､繝ｳ繝昴・繝・ +48蛟犠 [霑ｽ蜉繧､繝ｳ繝昴・繝・ +48蛟犠,2025/10/9 8:54,2025/10/9 17:23
4215,ORD-20251114-V065104642,7,2025/11/14,2025/11/14,48,0,0,48,譛ｪ蜃ｺ闕ｷ,C036,蜿門ｼ募・36,NULL,5,陬ｽ蜩√さ繝ｼ繝・ V065104642 (讀懈渊蛹ｺ蛻・ｵｱ蜷域ｸ医∩) [霑ｽ蜉繧､繝ｳ繝昴・繝・ +48蛟犠 [霑ｽ蜉繧､繝ｳ繝昴・繝・ +48蛟犠 [霑ｽ蜉繧､繝ｳ繝昴・繝・ +48蛟犠,2025/10/9 8:54,2025/10/9 17:23
4216,ORD-20251117-V065104642,7,2025/11/17,2025/11/17,40,0,0,40,譛ｪ蜃ｺ闕ｷ,C036,蜿門ｼ募・36,NULL,5,陬ｽ蜩√さ繝ｼ繝・ V065104642 (讀懈渊蛹ｺ蛻・ｵｱ蜷域ｸ医∩) [霑ｽ蜉繧､繝ｳ繝昴・繝・ +40蛟犠 [霑ｽ蜉繧､繝ｳ繝昴・繝・ +40蛟犠 [霑ｽ蜉繧､繝ｳ繝昴・繝・ +40蛟犠,2025/10/9 8:54,2025/10/9 17:23
4217,ORD-20251118-V065104642,7,2025/11/18,2025/11/18,56,0,0,56,譛ｪ蜃ｺ闕ｷ,C036,蜿門ｼ募・36,NULL,5,陬ｽ蜩√さ繝ｼ繝・ V065104642 (讀懈渊蛹ｺ蛻・ｵｱ蜷域ｸ医∩) [霑ｽ蜉繧､繝ｳ繝昴・繝・ +56蛟犠 [霑ｽ蜉繧､繝ｳ繝昴・繝・ +56蛟犠 [霑ｽ蜉繧､繝ｳ繝昴・繝・ +56蛟犠,2025/10/9 8:54,2025/10/9 17:23
4218,ORD-20251119-V065104642,7,2025/11/19,2025/11/19,56,0,0,56,譛ｪ蜃ｺ闕ｷ,C036,蜿門ｼ募・36,NULL,5,陬ｽ蜩√さ繝ｼ繝・ V065104642 (讀懈渊蛹ｺ蛻・ｵｱ蜷域ｸ医∩) [霑ｽ蜉繧､繝ｳ繝昴・繝・ +56蛟犠 [霑ｽ蜉繧､繝ｳ繝昴・繝・ +56蛟犠 [霑ｽ蜉繧､繝ｳ繝昴・繝・ +56蛟犠,2025/10/9 8:54,2025/10/9 17:23
4219,ORD-20251120-V065104642,7,2025/11/20,2025/11/20,64,0,0,64,譛ｪ蜃ｺ闕ｷ,C036,蜿門ｼ募・36,NULL,5,陬ｽ蜩√さ繝ｼ繝・ V065104642 (讀懈渊蛹ｺ蛻・ｵｱ蜷域ｸ医∩) [霑ｽ蜉繧､繝ｳ繝昴・繝・ +64蛟犠 [霑ｽ蜉繧､繝ｳ繝昴・繝・ +64蛟犠 [霑ｽ蜉繧､繝ｳ繝昴・繝・ +64蛟犠,2025/10/9 8:54,2025/10/9 17:23
4220,ORD-20251121-V065104642,7,2025/11/21,2025/11/21,24,0,0,24,譛ｪ蜃ｺ闕ｷ,C036,蜿門ｼ募・36,NULL,5,陬ｽ蜩√さ繝ｼ繝・ V065104642 (讀懈渊蛹ｺ蛻・ｵｱ蜷域ｸ医∩) [霑ｽ蜉繧､繝ｳ繝昴・繝・ +24蛟犠 [霑ｽ蜉繧､繝ｳ繝昴・繝・ +24蛟犠 [霑ｽ蜉繧､繝ｳ繝昴・繝・ +24蛟犠,2025/10/9 8:54,2025/10/9 17:23
4221,ORD-20251125-V065104642,7,2025/11/25,2025/11/25,40,0,0,40,譛ｪ蜃ｺ闕ｷ,C036,蜿門ｼ募・36,NULL,5,陬ｽ蜩√さ繝ｼ繝・ V065104642 (讀懈渊蛹ｺ蛻・ｵｱ蜷域ｸ医∩) [霑ｽ蜉繧､繝ｳ繝昴・繝・ +40蛟犠 [霑ｽ蜉繧､繝ｳ繝昴・繝・ +40蛟犠 [霑ｽ蜉繧､繝ｳ繝昴・繝・ +40蛟犠,2025/10/9 8:54,2025/10/9 17:23
4222,ORD-20251126-V065104642,7,2025/11/26,2025/11/26,40,0,0,40,譛ｪ蜃ｺ闕ｷ,C036,蜿門ｼ募・36,NULL,5,陬ｽ蜩√さ繝ｼ繝・ V065104642 (讀懈渊蛹ｺ蛻・ｵｱ蜷域ｸ医∩) [霑ｽ蜉繧､繝ｳ繝昴・繝・ +40蛟犠 [霑ｽ蜉繧､繝ｳ繝昴・繝・ +40蛟犠 [霑ｽ蜉繧､繝ｳ繝昴・繝・ +40蛟犠,2025/10/9 8:54,2025/10/9 17:23
4223,ORD-20251127-V065104642,7,2025/11/27,2025/11/27,48,0,0,48,譛ｪ蜃ｺ闕ｷ,C036,蜿門ｼ募・36,NULL,5,陬ｽ蜩√さ繝ｼ繝・ V065104642 (讀懈渊蛹ｺ蛻・ｵｱ蜷域ｸ医∩) [霑ｽ蜉繧､繝ｳ繝昴・繝・ +48蛟犠 [霑ｽ蜉繧､繝ｳ繝昴・繝・ +48蛟犠 [霑ｽ蜉繧､繝ｳ繝昴・繝・ +48蛟犠,2025/10/9 8:54,2025/10/9 17:23
4224,ORD-20251201-V065104642,7,2025/12/1,2025/12/1,40,0,0,40,譛ｪ蜃ｺ闕ｷ,C036,蜿門ｼ募・36,NULL,5,陬ｽ蜩√さ繝ｼ繝・ V065104642 (讀懈渊蛹ｺ蛻・ｵｱ蜷域ｸ医∩) [霑ｽ蜉繧､繝ｳ繝昴・繝・ +40蛟犠 [霑ｽ蜉繧､繝ｳ繝昴・繝・ +40蛟犠 [霑ｽ蜉繧､繝ｳ繝昴・繝・ +40蛟犠,2025/10/9 8:54,2025/10/9 17:23
4225,ORD-20251202-V065104642,7,2025/12/2,2025/12/2,40,0,0,40,譛ｪ蜃ｺ闕ｷ,C036,蜿門ｼ募・36,NULL,5,陬ｽ蜩√さ繝ｼ繝・ V065104642 (讀懈渊蛹ｺ蛻・ｵｱ蜷域ｸ医∩) [霑ｽ蜉繧､繝ｳ繝昴・繝・ +40蛟犠 [霑ｽ蜉繧､繝ｳ繝昴・繝・ +40蛟犠 [霑ｽ蜉繧､繝ｳ繝昴・繝・ +40蛟犠,2025/10/9 8:54,2025/10/9 17:23
4226,ORD-20251203-V065104642,7,2025/12/3,2025/12/3,40,0,0,40,譛ｪ蜃ｺ闕ｷ,C036,蜿門ｼ募・36,NULL,5,陬ｽ蜩√さ繝ｼ繝・ V065104642 (讀懈渊蛹ｺ蛻・ｵｱ蜷域ｸ医∩) [霑ｽ蜉繧､繝ｳ繝昴・繝・ +40蛟犠 [霑ｽ蜉繧､繝ｳ繝昴・繝・ +40蛟犠 [霑ｽ蜉繧､繝ｳ繝昴・繝・ +40蛟犠,2025/10/9 8:54,2025/10/9 17:23
4227,ORD-20251204-V065104642,7,2025/12/4,2025/12/4,48,0,0,48,譛ｪ蜃ｺ闕ｷ,C036,蜿門ｼ募・36,NULL,5,陬ｽ蜩√さ繝ｼ繝・ V065104642 (讀懈渊蛹ｺ蛻・ｵｱ蜷域ｸ医∩) [霑ｽ蜉繧､繝ｳ繝昴・繝・ +48蛟犠 [霑ｽ蜉繧､繝ｳ繝昴・繝・ +48蛟犠 [霑ｽ蜉繧､繝ｳ繝昴・繝・ +48蛟犠,2025/10/9 8:54,2025/10/9 17:23
4228,ORD-20251205-V065104642,7,2025/12/5,2025/12/5,40,0,0,40,譛ｪ蜃ｺ闕ｷ,C036,蜿門ｼ募・36,NULL,5,陬ｽ蜩√さ繝ｼ繝・ V065104642 (讀懈渊蛹ｺ蛻・ｵｱ蜷域ｸ医∩) [霑ｽ蜉繧､繝ｳ繝昴・繝・ +40蛟犠 [霑ｽ蜉繧､繝ｳ繝昴・繝・ +40蛟犠 [霑ｽ蜉繧､繝ｳ繝昴・繝・ +40蛟犠,2025/10/9 8:54,2025/10/9 17:23
4229,ORD-20251208-V065104642,7,2025/12/8,2025/12/8,40,0,0,40,譛ｪ蜃ｺ闕ｷ,C036,蜿門ｼ募・36,NULL,5,陬ｽ蜩√さ繝ｼ繝・ V065104642 (讀懈渊蛹ｺ蛻・ｵｱ蜷域ｸ医∩) [霑ｽ蜉繧､繝ｳ繝昴・繝・ +40蛟犠 [霑ｽ蜉繧､繝ｳ繝昴・繝・ +40蛟犠 [霑ｽ蜉繧､繝ｳ繝昴・繝・ +40蛟犠,2025/10/9 8:54,2025/10/9 17:23
4230,ORD-20251209-V065104642,7,2025/12/9,2025/12/9,40,0,0,40,譛ｪ蜃ｺ闕ｷ,C036,蜿門ｼ募・36,NULL,5,陬ｽ蜩√さ繝ｼ繝・ V065104642 (讀懈渊蛹ｺ蛻・ｵｱ蜷域ｸ医∩) [霑ｽ蜉繧､繝ｳ繝昴・繝・ +40蛟犠 [霑ｽ蜉繧､繝ｳ繝昴・繝・ +40蛟犠 [霑ｽ蜉繧､繝ｳ繝昴・繝・ +40蛟犠,2025/10/9 8:54,2025/10/9 17:23
4231,ORD-20251210-V065104642,7,2025/12/10,2025/12/10,48,0,0,48,譛ｪ蜃ｺ闕ｷ,C036,蜿門ｼ募・36,NULL,5,陬ｽ蜩√さ繝ｼ繝・ V065104642 (讀懈渊蛹ｺ蛻・ｵｱ蜷域ｸ医∩) [霑ｽ蜉繧､繝ｳ繝昴・繝・ +48蛟犠 [霑ｽ蜉繧､繝ｳ繝昴・繝・ +48蛟犠 [霑ｽ蜉繧､繝ｳ繝昴・繝・ +48蛟犠,2025/10/9 8:54,2025/10/9 17:23
4232,ORD-20251211-V065104642,7,2025/12/11,2025/12/11,40,0,0,40,譛ｪ蜃ｺ闕ｷ,C036,蜿門ｼ募・36,NULL,5,陬ｽ蜩√さ繝ｼ繝・ V065104642 (讀懈渊蛹ｺ蛻・ｵｱ蜷域ｸ医∩) [霑ｽ蜉繧､繝ｳ繝昴・繝・ +40蛟犠 [霑ｽ蜉繧､繝ｳ繝昴・繝・ +40蛟犠 [霑ｽ蜉繧､繝ｳ繝昴・繝・ +40蛟犠,2025/10/9 8:54,2025/10/9 17:23
4233,ORD-20251212-V065104642,7,2025/12/12,2025/12/12,40,0,0,40,譛ｪ蜃ｺ闕ｷ,C036,蜿門ｼ募・36,NULL,5,陬ｽ蜩√さ繝ｼ繝・ V065104642 (讀懈渊蛹ｺ蛻・ｵｱ蜷域ｸ医∩) [霑ｽ蜉繧､繝ｳ繝昴・繝・ +40蛟犠 [霑ｽ蜉繧､繝ｳ繝昴・繝・ +40蛟犠 [霑ｽ蜉繧､繝ｳ繝昴・繝・ +40蛟犠,2025/10/9 8:54,2025/10/9 17:23
4234,ORD-20251215-V065104642,7,2025/12/15,2025/12/15,40,0,0,40,譛ｪ蜃ｺ闕ｷ,C036,蜿門ｼ募・36,NULL,5,陬ｽ蜩√さ繝ｼ繝・ V065104642 (讀懈渊蛹ｺ蛻・ｵｱ蜷域ｸ医∩) [霑ｽ蜉繧､繝ｳ繝昴・繝・ +40蛟犠 [霑ｽ蜉繧､繝ｳ繝昴・繝・ +40蛟犠 [霑ｽ蜉繧､繝ｳ繝昴・繝・ +40蛟犠,2025/10/9 8:54,2025/10/9 17:23
4235,ORD-20251216-V065104642,7,2025/12/16,2025/12/16,40,0,0,40,譛ｪ蜃ｺ闕ｷ,C036,蜿門ｼ募・36,NULL,5,陬ｽ蜩√さ繝ｼ繝・ V065104642 (讀懈渊蛹ｺ蛻・ｵｱ蜷域ｸ医∩) [霑ｽ蜉繧､繝ｳ繝昴・繝・ +40蛟犠 [霑ｽ蜉繧､繝ｳ繝昴・繝・ +40蛟犠 [霑ｽ蜉繧､繝ｳ繝昴・繝・ +40蛟犠,2025/10/9 8:54,2025/10/9 17:23
4236,ORD-20251217-V065104642,7,2025/12/17,2025/12/17,48,0,0,48,譛ｪ蜃ｺ闕ｷ,C036,蜿門ｼ募・36,NULL,5,陬ｽ蜩√さ繝ｼ繝・ V065104642 (讀懈渊蛹ｺ蛻・ｵｱ蜷域ｸ医∩) [霑ｽ蜉繧､繝ｳ繝昴・繝・ +48蛟犠 [霑ｽ蜉繧､繝ｳ繝昴・繝・ +48蛟犠 [霑ｽ蜉繧､繝ｳ繝昴・繝・ +48蛟犠,2025/10/9 8:54,2025/10/9 17:23
4237,ORD-20251218-V065104642,7,2025/12/18,2025/12/18,48,0,0,48,譛ｪ蜃ｺ闕ｷ,C036,蜿門ｼ募・36,NULL,5,陬ｽ蜩√さ繝ｼ繝・ V065104642 (讀懈渊蛹ｺ蛻・ｵｱ蜷域ｸ医∩) [霑ｽ蜉繧､繝ｳ繝昴・繝・ +48蛟犠 [霑ｽ蜉繧､繝ｳ繝昴・繝・ +48蛟犠 [霑ｽ蜉繧､繝ｳ繝昴・繝・ +48蛟犠,2025/10/9 8:54,2025/10/9 17:23
4238,ORD-20251219-V065104642,7,2025/12/19,2025/12/19,48,0,0,48,譛ｪ蜃ｺ闕ｷ,C036,蜿門ｼ募・36,NULL,5,陬ｽ蜩√さ繝ｼ繝・ V065104642 (讀懈渊蛹ｺ蛻・ｵｱ蜷域ｸ医∩) [霑ｽ蜉繧､繝ｳ繝昴・繝・ +48蛟犠 [霑ｽ蜉繧､繝ｳ繝昴・繝・ +48蛟犠 [霑ｽ蜉繧､繝ｳ繝昴・繝・ +48蛟犠,2025/10/9 8:54,2025/10/9 17:23
4239,ORD-20251222-V065104642,7,2025/12/22,2025/12/22,40,0,0,40,譛ｪ蜃ｺ闕ｷ,C036,蜿門ｼ募・36,NULL,5,陬ｽ蜩√さ繝ｼ繝・ V065104642 (讀懈渊蛹ｺ蛻・ｵｱ蜷域ｸ医∩) [霑ｽ蜉繧､繝ｳ繝昴・繝・ +40蛟犠 [霑ｽ蜉繧､繝ｳ繝昴・繝・ +40蛟犠 [霑ｽ蜉繧､繝ｳ繝昴・繝・ +40蛟犠,2025/10/9 8:54,2025/10/9 17:23
4296,ORD-20251001-V065104703,8,2025/10/1,2025/10/1,54,0,54,0,譛ｪ蜃ｺ闕ｷ,C036,蜿門ｼ募・36,NULL,5,陬ｽ蜩√さ繝ｼ繝・ V065104703 (謨ｰ驥乗峩譁ｰ: 108竊・4),2025/10/9 17:23,2025/10/9 17:40
4297,ORD-20251002-V065104703,8,2025/10/2,2025/10/2,51,0,51,0,譛ｪ蜃ｺ闕ｷ,C036,蜿門ｼ募・36,NULL,5,陬ｽ蜩√さ繝ｼ繝・ V065104703 (謨ｰ驥乗峩譁ｰ: 102竊・1),2025/10/9 17:23,2025/10/9 17:40
4298,ORD-20251003-V065104703,8,2025/10/3,2025/10/3,42,0,42,0,譛ｪ蜃ｺ闕ｷ,C036,蜿門ｼ募・36,NULL,5,陬ｽ蜩√さ繝ｼ繝・ V065104703 (謨ｰ驥乗峩譁ｰ: 84竊・2),2025/10/9 17:23,2025/10/9 17:40
4299,ORD-20251006-V065104703,8,2025/10/6,2025/10/6,54,0,54,0,譛ｪ蜃ｺ闕ｷ,C036,蜿門ｼ募・36,NULL,5,陬ｽ蜩√さ繝ｼ繝・ V065104703 (謨ｰ驥乗峩譁ｰ: 108竊・4),2025/10/9 17:23,2025/10/9 17:40
4300,ORD-20251007-V065104703,8,2025/10/7,2025/10/7,42,0,42,0,譛ｪ蜃ｺ闕ｷ,C036,蜿門ｼ募・36,NULL,5,陬ｽ蜩√さ繝ｼ繝・ V065104703 (謨ｰ驥乗峩譁ｰ: 84竊・2),2025/10/9 17:23,2025/10/9 17:40
4301,ORD-20251008-V065104703,8,2025/10/8,2025/10/8,54,0,54,0,譛ｪ蜃ｺ闕ｷ,C036,蜿門ｼ募・36,NULL,5,陬ｽ蜩√さ繝ｼ繝・ V065104703 (謨ｰ驥乗峩譁ｰ: 108竊・4),2025/10/9 17:23,2025/10/9 17:40
4302,ORD-20251009-V065104703,8,2025/10/9,2025/10/9,42,0,0,42,譛ｪ蜃ｺ闕ｷ,C036,蜿門ｼ募・36,NULL,5,陬ｽ蜩√さ繝ｼ繝・ V065104703 (謨ｰ驥乗峩譁ｰ: 84竊・2),2025/10/9 17:23,2025/10/10 9:55
4303,ORD-20251010-V065104703,8,2025/10/10,2025/10/10,45,0,0,45,譛ｪ蜃ｺ闕ｷ,C036,蜿門ｼ募・36,NULL,5,陬ｽ蜩√さ繝ｼ繝・ V065104703 (謨ｰ驥乗峩譁ｰ: 90竊・5),2025/10/9 17:23,2025/10/10 9:55
4304,ORD-20251014-V065104703,8,2025/10/14,2025/10/14,42,0,0,42,譛ｪ蜃ｺ闕ｷ,C036,蜿門ｼ募・36,NULL,5,陬ｽ蜩√さ繝ｼ繝・ V065104703 (謨ｰ驥乗峩譁ｰ: 84竊・2),2025/10/9 17:23,2025/10/9 17:31
4305,ORD-20251015-V065104703,8,2025/10/15,2025/10/15,54,0,0,54,譛ｪ蜃ｺ闕ｷ,C036,蜿門ｼ募・36,NULL,5,陬ｽ蜩√さ繝ｼ繝・ V065104703 (謨ｰ驥乗峩譁ｰ: 108竊・4),2025/10/9 17:23,2025/10/9 17:31
4306,ORD-20251016-V065104703,8,2025/10/16,2025/10/16,33,0,0,33,譛ｪ蜃ｺ闕ｷ,C036,蜿門ｼ募・36,NULL,5,陬ｽ蜩√さ繝ｼ繝・ V065104703 (謨ｰ驥乗峩譁ｰ: 66竊・3),2025/10/9 17:23,2025/10/9 17:31
4307,ORD-20251017-V065104703,8,2025/10/17,2025/10/17,39,0,0,39,譛ｪ蜃ｺ闕ｷ,C036,蜿門ｼ募・36,NULL,5,陬ｽ蜩√さ繝ｼ繝・ V065104703 (謨ｰ驥乗峩譁ｰ: 78竊・9),2025/10/9 17:23,2025/10/9 17:31
4308,ORD-20251020-V065104703,8,2025/10/20,2025/10/20,42,0,0,42,譛ｪ蜃ｺ闕ｷ,C036,蜿門ｼ募・36,NULL,5,陬ｽ蜩√さ繝ｼ繝・ V065104703 (謨ｰ驥乗峩譁ｰ: 84竊・2),2025/10/9 17:23,2025/10/9 17:31
4000,ORD-20251027-V053103705,3,2025/10/27,2025/10/27,6,0,0,6,譛ｪ蜃ｺ闕ｷ,C036,蜿門ｼ募・36,NULL,5,陬ｽ蜩√さ繝ｼ繝・ V053103705 (讀懈渊蛹ｺ蛻・ｵｱ蜷域ｸ医∩) [霑ｽ蜉繧､繝ｳ繝昴・繝・ +6蛟犠 [霑ｽ蜉繧､繝ｳ繝昴・繝・ +6蛟犠 [霑ｽ蜉繧､繝ｳ繝昴・繝・ +6蛟犠,2025/10/9 8:54,2025/10/9 17:23
4042,ORD-20251027-V053104642,4,2025/10/27,2025/10/27,48,0,0,48,譛ｪ蜃ｺ闕ｷ,C036,蜿門ｼ募・36,NULL,5,陬ｽ蜩√さ繝ｼ繝・ V053104642 (讀懈渊蛹ｺ蛻・ｵｱ蜷域ｸ医∩) [霑ｽ蜉繧､繝ｳ繝昴・繝・ +48蛟犠 [霑ｽ蜉繧､繝ｳ繝昴・繝・ +48蛟犠 [霑ｽ蜉繧､繝ｳ繝昴・繝・ +48蛟犠,2025/10/9 8:54,2025/10/9 17:23
4097,ORD-20251027-V053904703,5,2025/10/27,2025/10/27,66,0,0,66,譛ｪ蜃ｺ闕ｷ,C036,蜿門ｼ募・36,NULL,5,陬ｽ蜩√さ繝ｼ繝・ V053904703 (讀懈渊蛹ｺ蛻・ｵｱ蜷域ｸ医∩) [霑ｽ蜉繧､繝ｳ繝昴・繝・ +66蛟犠 [霑ｽ蜉繧､繝ｳ繝昴・繝・ +66蛟犠 [霑ｽ蜉繧､繝ｳ繝昴・繝・ +66蛟犠,2025/10/9 8:54,2025/10/9 17:23
4202,ORD-20251027-V065104642,7,2025/10/27,2025/10/27,48,0,0,48,譛ｪ蜃ｺ闕ｷ,C036,蜿門ｼ募・36,NULL,5,陬ｽ蜩√さ繝ｼ繝・ V065104642 (讀懈渊蛹ｺ蛻・ｵｱ蜷域ｸ医∩) [霑ｽ蜉繧､繝ｳ繝昴・繝・ +48蛟犠 [霑ｽ蜉繧､繝ｳ繝昴・繝・ +48蛟犠 [霑ｽ蜉繧､繝ｳ繝昴・繝・ +48蛟犠,2025/10/9 8:54,2025/10/9 17:23
4313,ORD-20251027-V065104703,8,2025/10/27,2025/10/27,60,0,0,60,譛ｪ蜃ｺ闕ｷ,C036,蜿門ｼ募・36,NULL,5,陬ｽ蜩√さ繝ｼ繝・ V065104703 (謨ｰ驥乗峩譁ｰ: 120竊・0),2025/10/9 17:23,2025/10/9 17:31
4314,ORD-20251028-V065104703,8,2025/10/28,2025/10/28,45,0,0,45,譛ｪ蜃ｺ闕ｷ,C036,蜿門ｼ募・36,NULL,5,陬ｽ蜩√さ繝ｼ繝・ V065104703 (謨ｰ驥乗峩譁ｰ: 90竊・5),2025/10/9 17:23,2025/10/9 17:31
4315,ORD-20251029-V065104703,8,2025/10/29,2025/10/29,39,0,0,39,譛ｪ蜃ｺ闕ｷ,C036,蜿門ｼ募・36,NULL,5,陬ｽ蜩√さ繝ｼ繝・ V065104703 (謨ｰ驥乗峩譁ｰ: 78竊・9),2025/10/9 17:23,2025/10/9 17:31
4316,ORD-20251030-V065104703,8,2025/10/30,2025/10/30,42,0,0,42,譛ｪ蜃ｺ闕ｷ,C036,蜿門ｼ募・36,NULL,5,陬ｽ蜩√さ繝ｼ繝・ V065104703 (謨ｰ驥乗峩譁ｰ: 84竊・2),2025/10/9 17:23,2025/10/9 17:31
4317,ORD-20251031-V065104703,8,2025/10/31,2025/10/31,42,0,0,42,譛ｪ蜃ｺ闕ｷ,C036,蜿門ｼ募・36,NULL,5,陬ｽ蜩√さ繝ｼ繝・ V065104703 (謨ｰ驥乗峩譁ｰ: 84竊・2),2025/10/9 17:23,2025/10/9 17:31
4318,ORD-20251104-V065104703,8,2025/11/4,2025/11/4,42,0,0,42,譛ｪ蜃ｺ闕ｷ,C036,蜿門ｼ募・36,NULL,5,陬ｽ蜩√さ繝ｼ繝・ V065104703 (謨ｰ驥乗峩譁ｰ: 84竊・2),2025/10/9 17:23,2025/10/9 17:31
4319,ORD-20251105-V065104703,8,2025/11/5,2025/11/5,42,0,0,42,譛ｪ蜃ｺ闕ｷ,C036,蜿門ｼ募・36,NULL,5,陬ｽ蜩√さ繝ｼ繝・ V065104703 (謨ｰ驥乗峩譁ｰ: 84竊・2),2025/10/9 17:23,2025/10/9 17:31
4320,ORD-20251106-V065104703,8,2025/11/6,2025/11/6,42,0,0,42,譛ｪ蜃ｺ闕ｷ,C036,蜿門ｼ募・36,NULL,5,陬ｽ蜩√さ繝ｼ繝・ V065104703 (謨ｰ驥乗峩譁ｰ: 84竊・2),2025/10/9 17:23,2025/10/9 17:31
4321,ORD-20251107-V065104703,8,2025/11/7,2025/11/7,42,0,0,42,譛ｪ蜃ｺ闕ｷ,C036,蜿門ｼ募・36,NULL,5,陬ｽ蜩√さ繝ｼ繝・ V065104703 (謨ｰ驥乗峩譁ｰ: 84竊・2),2025/10/9 17:23,2025/10/9 17:31
4322,ORD-20251110-V065104703,8,2025/11/10,2025/11/10,42,0,0,42,譛ｪ蜃ｺ闕ｷ,C036,蜿門ｼ募・36,NULL,5,陬ｽ蜩√さ繝ｼ繝・ V065104703 (謨ｰ驥乗峩譁ｰ: 84竊・2),2025/10/9 17:23,2025/10/9 17:31
4323,ORD-20251111-V065104703,8,2025/11/11,2025/11/11,42,0,0,42,譛ｪ蜃ｺ闕ｷ,C036,蜿門ｼ募・36,NULL,5,陬ｽ蜩√さ繝ｼ繝・ V065104703 (謨ｰ驥乗峩譁ｰ: 84竊・2),2025/10/9 17:23,2025/10/9 17:31
4324,ORD-20251112-V065104703,8,2025/11/12,2025/11/12,39,0,0,39,譛ｪ蜃ｺ闕ｷ,C036,蜿門ｼ募・36,NULL,5,陬ｽ蜩√さ繝ｼ繝・ V065104703 (謨ｰ驥乗峩譁ｰ: 78竊・9),2025/10/9 17:23,2025/10/9 17:31
4325,ORD-20251113-V065104703,8,2025/11/13,2025/11/13,42,0,0,42,譛ｪ蜃ｺ闕ｷ,C036,蜿門ｼ募・36,NULL,5,陬ｽ蜩√さ繝ｼ繝・ V065104703 (謨ｰ驥乗峩譁ｰ: 84竊・2),2025/10/9 17:23,2025/10/9 17:31
4326,ORD-20251114-V065104703,8,2025/11/14,2025/11/14,45,0,0,45,譛ｪ蜃ｺ闕ｷ,C036,蜿門ｼ募・36,NULL,5,陬ｽ蜩√さ繝ｼ繝・ V065104703 (謨ｰ驥乗峩譁ｰ: 90竊・5),2025/10/9 17:23,2025/10/9 17:31
4327,ORD-20251117-V065104703,8,2025/11/17,2025/11/17,48,0,0,48,譛ｪ蜃ｺ闕ｷ,C036,蜿門ｼ募・36,NULL,5,陬ｽ蜩√さ繝ｼ繝・ V065104703 (謨ｰ驥乗峩譁ｰ: 96竊・8),2025/10/9 17:23,2025/10/9 17:31
4328,ORD-20251118-V065104703,8,2025/11/18,2025/11/18,45,0,0,45,譛ｪ蜃ｺ闕ｷ,C036,蜿門ｼ募・36,NULL,5,陬ｽ蜩√さ繝ｼ繝・ V065104703 (謨ｰ驥乗峩譁ｰ: 90竊・5),2025/10/9 17:23,2025/10/9 17:31
4329,ORD-20251119-V065104703,8,2025/11/19,2025/11/19,51,0,0,51,譛ｪ蜃ｺ闕ｷ,C036,蜿門ｼ募・36,NULL,5,陬ｽ蜩√さ繝ｼ繝・ V065104703 (謨ｰ驥乗峩譁ｰ: 102竊・1),2025/10/9 17:23,2025/10/9 17:31
4330,ORD-20251120-V065104703,8,2025/11/20,2025/11/20,54,0,0,54,譛ｪ蜃ｺ闕ｷ,C036,蜿門ｼ募・36,NULL,5,陬ｽ蜩√さ繝ｼ繝・ V065104703 (謨ｰ驥乗峩譁ｰ: 108竊・4),2025/10/9 17:23,2025/10/9 17:31
4331,ORD-20251121-V065104703,8,2025/11/21,2025/11/21,66,0,0,66,譛ｪ蜃ｺ闕ｷ,C036,蜿門ｼ募・36,NULL,5,陬ｽ蜩√さ繝ｼ繝・ V065104703 (謨ｰ驥乗峩譁ｰ: 132竊・6),2025/10/9 17:23,2025/10/9 17:31
4332,ORD-20251124-V065104703,8,2025/11/24,2025/11/24,24,0,0,24,譛ｪ蜃ｺ闕ｷ,C036,蜿門ｼ募・36,NULL,5,陬ｽ蜩√さ繝ｼ繝・ V065104703 (謨ｰ驥乗峩譁ｰ: 48竊・4),2025/10/9 17:23,2025/10/9 17:31
4333,ORD-20251126-V065104703,8,2025/11/26,2025/11/26,42,0,0,42,譛ｪ蜃ｺ闕ｷ,C036,蜿門ｼ募・36,NULL,5,陬ｽ蜩√さ繝ｼ繝・ V065104703 (謨ｰ驥乗峩譁ｰ: 84竊・2),2025/10/9 17:23,2025/10/9 17:31
4334,ORD-20251127-V065104703,8,2025/11/27,2025/11/27,42,0,0,42,譛ｪ蜃ｺ闕ｷ,C036,蜿門ｼ募・36,NULL,5,陬ｽ蜩√さ繝ｼ繝・ V065104703 (謨ｰ驥乗峩譁ｰ: 84竊・2),2025/10/9 17:23,2025/10/9 17:31
4335,ORD-20251201-V065104703,8,2025/12/1,2025/12/1,42,0,0,42,譛ｪ蜃ｺ闕ｷ,C036,蜿門ｼ募・36,NULL,5,陬ｽ蜩√さ繝ｼ繝・ V065104703 (謨ｰ驥乗峩譁ｰ: 84竊・2),2025/10/9 17:23,2025/10/9 17:31
4336,ORD-20251202-V065104703,8,2025/12/2,2025/12/2,42,0,0,42,譛ｪ蜃ｺ闕ｷ,C036,蜿門ｼ募・36,NULL,5,陬ｽ蜩√さ繝ｼ繝・ V065104703 (謨ｰ驥乗峩譁ｰ: 84竊・2),2025/10/9 17:23,2025/10/9 17:31
4337,ORD-20251203-V065104703,8,2025/12/3,2025/12/3,42,0,0,42,譛ｪ蜃ｺ闕ｷ,C036,蜿門ｼ募・36,NULL,5,陬ｽ蜩√さ繝ｼ繝・ V065104703 (謨ｰ驥乗峩譁ｰ: 84竊・2),2025/10/9 17:23,2025/10/10 9:07
4338,ORD-20251204-V065104703,8,2025/12/4,2025/12/4,42,0,0,42,譛ｪ蜃ｺ闕ｷ,C036,蜿門ｼ募・36,NULL,5,陬ｽ蜩√さ繝ｼ繝・ V065104703 (謨ｰ驥乗峩譁ｰ: 84竊・2),2025/10/9 17:23,2025/10/9 17:31
4339,ORD-20251205-V065104703,8,2025/12/5,2025/12/5,42,0,0,42,譛ｪ蜃ｺ闕ｷ,C036,蜿門ｼ募・36,NULL,5,陬ｽ蜩√さ繝ｼ繝・ V065104703 (謨ｰ驥乗峩譁ｰ: 84竊・2),2025/10/9 17:23,2025/10/9 17:31
4340,ORD-20251208-V065104703,8,2025/12/8,2025/12/8,42,0,0,42,譛ｪ蜃ｺ闕ｷ,C036,蜿門ｼ募・36,NULL,5,陬ｽ蜩√さ繝ｼ繝・ V065104703 (謨ｰ驥乗峩譁ｰ: 84竊・2),2025/10/9 17:23,2025/10/9 17:31
4341,ORD-20251209-V065104703,8,2025/12/9,2025/12/9,42,0,0,42,譛ｪ蜃ｺ闕ｷ,C036,蜿門ｼ募・36,NULL,5,陬ｽ蜩√さ繝ｼ繝・ V065104703 (謨ｰ驥乗峩譁ｰ: 84竊・2),2025/10/9 17:23,2025/10/9 17:31
4342,ORD-20251210-V065104703,8,2025/12/10,2025/12/10,42,0,0,42,譛ｪ蜃ｺ闕ｷ,C036,蜿門ｼ募・36,NULL,5,陬ｽ蜩√さ繝ｼ繝・ V065104703 (謨ｰ驥乗峩譁ｰ: 84竊・2),2025/10/9 17:23,2025/10/9 17:31
4343,ORD-20251211-V065104703,8,2025/12/11,2025/12/11,42,0,0,42,譛ｪ蜃ｺ闕ｷ,C036,蜿門ｼ募・36,NULL,5,陬ｽ蜩√さ繝ｼ繝・ V065104703 (謨ｰ驥乗峩譁ｰ: 84竊・2),2025/10/9 17:23,2025/10/9 17:31
4344,ORD-20251212-V065104703,8,2025/12/12,2025/12/12,42,0,0,42,譛ｪ蜃ｺ闕ｷ,C036,蜿門ｼ募・36,NULL,5,陬ｽ蜩√さ繝ｼ繝・ V065104703 (謨ｰ驥乗峩譁ｰ: 45竊・2),2025/10/9 17:23,2025/10/10 9:07
4345,ORD-20251215-V065104703,8,2025/12/15,2025/12/15,45,0,0,45,譛ｪ蜃ｺ闕ｷ,C036,蜿門ｼ募・36,NULL,5,陬ｽ蜩√さ繝ｼ繝・ V065104703 (謨ｰ驥乗峩譁ｰ: 36竊・5),2025/10/9 17:23,2025/10/10 9:07
4346,ORD-20251216-V065104703,8,2025/12/16,2025/12/16,36,0,0,36,譛ｪ蜃ｺ闕ｷ,C036,蜿門ｼ募・36,NULL,5,陬ｽ蜩√さ繝ｼ繝・ V065104703 (謨ｰ驥乗峩譁ｰ: 45竊・6),2025/10/9 17:23,2025/10/10 9:07
4347,ORD-20251217-V065104703,8,2025/12/17,2025/12/17,45,0,0,45,譛ｪ蜃ｺ闕ｷ,C036,蜿門ｼ募・36,NULL,5,陬ｽ蜩√さ繝ｼ繝・ V065104703 (謨ｰ驥乗峩譁ｰ: 42竊・5),2025/10/9 17:23,2025/10/10 9:07
4348,ORD-20251218-V065104703,8,2025/12/18,2025/12/18,42,0,0,42,譛ｪ蜃ｺ闕ｷ,C036,蜿門ｼ募・36,NULL,5,陬ｽ蜩√さ繝ｼ繝・ V065104703 (謨ｰ驥乗峩譁ｰ: 51竊・2),2025/10/9 17:23,2025/10/10 9:07
4349,ORD-20251219-V065104703,8,2025/12/19,2025/12/19,51,0,0,51,譛ｪ蜃ｺ闕ｷ,C036,蜿門ｼ募・36,NULL,5,陬ｽ蜩√さ繝ｼ繝・ V065104703 (謨ｰ驥乗峩譁ｰ: 45竊・1),2025/10/9 17:23,2025/10/10 9:07
4350,ORD-20251222-V065104703,8,2025/12/22,2025/12/22,45,0,0,45,譛ｪ蜃ｺ闕ｷ,C036,蜿門ｼ募・36,NULL,5,陬ｽ蜩√さ繝ｼ繝・ V065104703 (謨ｰ驥乗峩譁ｰ: 90竊・5),2025/10/9 17:23,2025/10/9 17:31
4351,ORD-20251223-V065104703,8,2025/12/23,2025/12/23,45,0,0,45,譛ｪ蜃ｺ闕ｷ,C036,蜿門ｼ募・36,NULL,5,陬ｽ蜩√さ繝ｼ繝・ V065104703 (謨ｰ驥乗峩譁ｰ: 90竊・5),2025/10/9 17:23,2025/10/9 17:31
